solid kasa
  facet normal 0.000000 0.000000 -1.000000
    outer loop
      vertex 0.0000 0.0000 0.0000
      vertex 0.0000 90.0000 0.0000
      vertex 58.0000 90.0000 0.0000
    endloop
  endfacet
  facet normal 0.000000 0.000000 -1.000000
    outer loop
      vertex 0.0000 0.0000 0.0000
      vertex 58.0000 90.0000 0.0000
      vertex 58.0000 0.0000 0.0000
    endloop
  endfacet
  facet normal 0.000000 0.000000 1.000000
    outer loop
      vertex 0.0000 0.0000 1.4000
      vertex 58.0000 0.0000 1.4000
      vertex 58.0000 90.0000 1.4000
    endloop
  endfacet
  facet normal 0.000000 0.000000 1.000000
    outer loop
      vertex 0.0000 0.0000 1.4000
      vertex 58.0000 90.0000 1.4000
      vertex 0.0000 90.0000 1.4000
    endloop
  endfacet
  facet normal 0.000000 -1.000000 0.000000
    outer loop
      vertex 0.0000 0.0000 0.0000
      vertex 58.0000 0.0000 0.0000
      vertex 58.0000 0.0000 1.4000
    endloop
  endfacet
  facet normal 0.000000 -1.000000 0.000000
    outer loop
      vertex 0.0000 0.0000 0.0000
      vertex 58.0000 0.0000 1.4000
      vertex 0.0000 0.0000 1.4000
    endloop
  endfacet
  facet normal 1.000000 0.000000 0.000000
    outer loop
      vertex 58.0000 0.0000 0.0000
      vertex 58.0000 90.0000 0.0000
      vertex 58.0000 90.0000 1.4000
    endloop
  endfacet
  facet normal 1.000000 0.000000 0.000000
    outer loop
      vertex 58.0000 0.0000 0.0000
      vertex 58.0000 90.0000 1.4000
      vertex 58.0000 0.0000 1.4000
    endloop
  endfacet
  facet normal 0.000000 1.000000 0.000000
    outer loop
      vertex 58.0000 90.0000 0.0000
      vertex 0.0000 90.0000 0.0000
      vertex 0.0000 90.0000 1.4000
    endloop
  endfacet
  facet normal 0.000000 1.000000 -0.000000
    outer loop
      vertex 58.0000 90.0000 0.0000
      vertex 0.0000 90.0000 1.4000
      vertex 58.0000 90.0000 1.4000
    endloop
  endfacet
  facet normal -1.000000 0.000000 0.000000
    outer loop
      vertex 0.0000 90.0000 0.0000
      vertex 0.0000 0.0000 0.0000
      vertex 0.0000 0.0000 1.4000
    endloop
  endfacet
  facet normal -1.000000 0.000000 0.000000
    outer loop
      vertex 0.0000 90.0000 0.0000
      vertex 0.0000 0.0000 1.4000
      vertex 0.0000 90.0000 1.4000
    endloop
  endfacet
  facet normal 0.000000 0.000000 -1.000000
    outer loop
      vertex 0.0000 0.0000 0.0000
      vertex 0.0000 90.0000 0.0000
      vertex 1.4000 90.0000 0.0000
    endloop
  endfacet
  facet normal 0.000000 0.000000 -1.000000
    outer loop
      vertex 0.0000 0.0000 0.0000
      vertex 1.4000 90.0000 0.0000
      vertex 1.4000 0.0000 0.0000
    endloop
  endfacet
  facet normal 0.000000 0.000000 1.000000
    outer loop
      vertex 0.0000 0.0000 15.0000
      vertex 1.4000 0.0000 15.0000
      vertex 1.4000 90.0000 15.0000
    endloop
  endfacet
  facet normal 0.000000 0.000000 1.000000
    outer loop
      vertex 0.0000 0.0000 15.0000
      vertex 1.4000 90.0000 15.0000
      vertex 0.0000 90.0000 15.0000
    endloop
  endfacet
  facet normal 0.000000 -1.000000 0.000000
    outer loop
      vertex 0.0000 0.0000 0.0000
      vertex 1.4000 0.0000 0.0000
      vertex 1.4000 0.0000 15.0000
    endloop
  endfacet
  facet normal 0.000000 -1.000000 0.000000
    outer loop
      vertex 0.0000 0.0000 0.0000
      vertex 1.4000 0.0000 15.0000
      vertex 0.0000 0.0000 15.0000
    endloop
  endfacet
  facet normal 1.000000 0.000000 0.000000
    outer loop
      vertex 1.4000 0.0000 0.0000
      vertex 1.4000 90.0000 0.0000
      vertex 1.4000 90.0000 15.0000
    endloop
  endfacet
  facet normal 1.000000 0.000000 0.000000
    outer loop
      vertex 1.4000 0.0000 0.0000
      vertex 1.4000 90.0000 15.0000
      vertex 1.4000 0.0000 15.0000
    endloop
  endfacet
  facet normal 0.000000 1.000000 0.000000
    outer loop
      vertex 1.4000 90.0000 0.0000
      vertex 0.0000 90.0000 0.0000
      vertex 0.0000 90.0000 15.0000
    endloop
  endfacet
  facet normal 0.000000 1.000000 -0.000000
    outer loop
      vertex 1.4000 90.0000 0.0000
      vertex 0.0000 90.0000 15.0000
      vertex 1.4000 90.0000 15.0000
    endloop
  endfacet
  facet normal -1.000000 0.000000 0.000000
    outer loop
      vertex 0.0000 90.0000 0.0000
      vertex 0.0000 0.0000 0.0000
      vertex 0.0000 0.0000 15.0000
    endloop
  endfacet
  facet normal -1.000000 0.000000 0.000000
    outer loop
      vertex 0.0000 90.0000 0.0000
      vertex 0.0000 0.0000 15.0000
      vertex 0.0000 90.0000 15.0000
    endloop
  endfacet
  facet normal 0.000000 0.000000 -1.000000
    outer loop
      vertex 56.6000 0.0000 0.0000
      vertex 56.6000 90.0000 0.0000
      vertex 58.0000 90.0000 0.0000
    endloop
  endfacet
  facet normal 0.000000 0.000000 -1.000000
    outer loop
      vertex 56.6000 0.0000 0.0000
      vertex 58.0000 90.0000 0.0000
      vertex 58.0000 0.0000 0.0000
    endloop
  endfacet
  facet normal 0.000000 0.000000 1.000000
    outer loop
      vertex 56.6000 0.0000 15.0000
      vertex 58.0000 0.0000 15.0000
      vertex 58.0000 90.0000 15.0000
    endloop
  endfacet
  facet normal 0.000000 0.000000 1.000000
    outer loop
      vertex 56.6000 0.0000 15.0000
      vertex 58.0000 90.0000 15.0000
      vertex 56.6000 90.0000 15.0000
    endloop
  endfacet
  facet normal 0.000000 -1.000000 0.000000
    outer loop
      vertex 56.6000 0.0000 0.0000
      vertex 58.0000 0.0000 0.0000
      vertex 58.0000 0.0000 15.0000
    endloop
  endfacet
  facet normal 0.000000 -1.000000 0.000000
    outer loop
      vertex 56.6000 0.0000 0.0000
      vertex 58.0000 0.0000 15.0000
      vertex 56.6000 0.0000 15.0000
    endloop
  endfacet
  facet normal 1.000000 0.000000 0.000000
    outer loop
      vertex 58.0000 0.0000 0.0000
      vertex 58.0000 90.0000 0.0000
      vertex 58.0000 90.0000 15.0000
    endloop
  endfacet
  facet normal 1.000000 0.000000 0.000000
    outer loop
      vertex 58.0000 0.0000 0.0000
      vertex 58.0000 90.0000 15.0000
      vertex 58.0000 0.0000 15.0000
    endloop
  endfacet
  facet normal 0.000000 1.000000 0.000000
    outer loop
      vertex 58.0000 90.0000 0.0000
      vertex 56.6000 90.0000 0.0000
      vertex 56.6000 90.0000 15.0000
    endloop
  endfacet
  facet normal 0.000000 1.000000 -0.000000
    outer loop
      vertex 58.0000 90.0000 0.0000
      vertex 56.6000 90.0000 15.0000
      vertex 58.0000 90.0000 15.0000
    endloop
  endfacet
  facet normal -1.000000 0.000000 0.000000
    outer loop
      vertex 56.6000 90.0000 0.0000
      vertex 56.6000 0.0000 0.0000
      vertex 56.6000 0.0000 15.0000
    endloop
  endfacet
  facet normal -1.000000 0.000000 0.000000
    outer loop
      vertex 56.6000 90.0000 0.0000
      vertex 56.6000 0.0000 15.0000
      vertex 56.6000 90.0000 15.0000
    endloop
  endfacet
  facet normal 0.000000 0.000000 -1.000000
    outer loop
      vertex 0.0000 88.6000 0.0000
      vertex 0.0000 90.0000 0.0000
      vertex 58.0000 90.0000 0.0000
    endloop
  endfacet
  facet normal 0.000000 0.000000 -1.000000
    outer loop
      vertex 0.0000 88.6000 0.0000
      vertex 58.0000 90.0000 0.0000
      vertex 58.0000 88.6000 0.0000
    endloop
  endfacet
  facet normal 0.000000 0.000000 1.000000
    outer loop
      vertex 0.0000 88.6000 15.0000
      vertex 58.0000 88.6000 15.0000
      vertex 58.0000 90.0000 15.0000
    endloop
  endfacet
  facet normal 0.000000 0.000000 1.000000
    outer loop
      vertex 0.0000 88.6000 15.0000
      vertex 58.0000 90.0000 15.0000
      vertex 0.0000 90.0000 15.0000
    endloop
  endfacet
  facet normal 0.000000 -1.000000 0.000000
    outer loop
      vertex 0.0000 88.6000 0.0000
      vertex 58.0000 88.6000 0.0000
      vertex 58.0000 88.6000 15.0000
    endloop
  endfacet
  facet normal 0.000000 -1.000000 0.000000
    outer loop
      vertex 0.0000 88.6000 0.0000
      vertex 58.0000 88.6000 15.0000
      vertex 0.0000 88.6000 15.0000
    endloop
  endfacet
  facet normal 1.000000 0.000000 0.000000
    outer loop
      vertex 58.0000 88.6000 0.0000
      vertex 58.0000 90.0000 0.0000
      vertex 58.0000 90.0000 15.0000
    endloop
  endfacet
  facet normal 1.000000 0.000000 0.000000
    outer loop
      vertex 58.0000 88.6000 0.0000
      vertex 58.0000 90.0000 15.0000
      vertex 58.0000 88.6000 15.0000
    endloop
  endfacet
  facet normal 0.000000 1.000000 0.000000
    outer loop
      vertex 58.0000 90.0000 0.0000
      vertex 0.0000 90.0000 0.0000
      vertex 0.0000 90.0000 15.0000
    endloop
  endfacet
  facet normal 0.000000 1.000000 -0.000000
    outer loop
      vertex 58.0000 90.0000 0.0000
      vertex 0.0000 90.0000 15.0000
      vertex 58.0000 90.0000 15.0000
    endloop
  endfacet
  facet normal -1.000000 0.000000 0.000000
    outer loop
      vertex 0.0000 90.0000 0.0000
      vertex 0.0000 88.6000 0.0000
      vertex 0.0000 88.6000 15.0000
    endloop
  endfacet
  facet normal -1.000000 0.000000 0.000000
    outer loop
      vertex 0.0000 90.0000 0.0000
      vertex 0.0000 88.6000 15.0000
      vertex 0.0000 90.0000 15.0000
    endloop
  endfacet
  facet normal 0.000000 0.000000 -1.000000
    outer loop
      vertex 0.0000 0.0000 0.0000
      vertex 0.0000 1.4000 0.0000
      vertex 24.4000 1.4000 0.0000
    endloop
  endfacet
  facet normal 0.000000 0.000000 -1.000000
    outer loop
      vertex 0.0000 0.0000 0.0000
      vertex 24.4000 1.4000 0.0000
      vertex 24.4000 0.0000 0.0000
    endloop
  endfacet
  facet normal 0.000000 0.000000 1.000000
    outer loop
      vertex 0.0000 0.0000 15.0000
      vertex 24.4000 0.0000 15.0000
      vertex 24.4000 1.4000 15.0000
    endloop
  endfacet
  facet normal 0.000000 0.000000 1.000000
    outer loop
      vertex 0.0000 0.0000 15.0000
      vertex 24.4000 1.4000 15.0000
      vertex 0.0000 1.4000 15.0000
    endloop
  endfacet
  facet normal 0.000000 -1.000000 0.000000
    outer loop
      vertex 0.0000 0.0000 0.0000
      vertex 24.4000 0.0000 0.0000
      vertex 24.4000 0.0000 15.0000
    endloop
  endfacet
  facet normal 0.000000 -1.000000 0.000000
    outer loop
      vertex 0.0000 0.0000 0.0000
      vertex 24.4000 0.0000 15.0000
      vertex 0.0000 0.0000 15.0000
    endloop
  endfacet
  facet normal 1.000000 0.000000 0.000000
    outer loop
      vertex 24.4000 0.0000 0.0000
      vertex 24.4000 1.4000 0.0000
      vertex 24.4000 1.4000 15.0000
    endloop
  endfacet
  facet normal 1.000000 0.000000 0.000000
    outer loop
      vertex 24.4000 0.0000 0.0000
      vertex 24.4000 1.4000 15.0000
      vertex 24.4000 0.0000 15.0000
    endloop
  endfacet
  facet normal 0.000000 1.000000 0.000000
    outer loop
      vertex 24.4000 1.4000 0.0000
      vertex 0.0000 1.4000 0.0000
      vertex 0.0000 1.4000 15.0000
    endloop
  endfacet
  facet normal 0.000000 1.000000 -0.000000
    outer loop
      vertex 24.4000 1.4000 0.0000
      vertex 0.0000 1.4000 15.0000
      vertex 24.4000 1.4000 15.0000
    endloop
  endfacet
  facet normal -1.000000 0.000000 0.000000
    outer loop
      vertex 0.0000 1.4000 0.0000
      vertex 0.0000 0.0000 0.0000
      vertex 0.0000 0.0000 15.0000
    endloop
  endfacet
  facet normal -1.000000 0.000000 0.000000
    outer loop
      vertex 0.0000 1.4000 0.0000
      vertex 0.0000 0.0000 15.0000
      vertex 0.0000 1.4000 15.0000
    endloop
  endfacet
  facet normal 0.000000 0.000000 -1.000000
    outer loop
      vertex 33.6000 0.0000 0.0000
      vertex 33.6000 1.4000 0.0000
      vertex 58.0000 1.4000 0.0000
    endloop
  endfacet
  facet normal 0.000000 0.000000 -1.000000
    outer loop
      vertex 33.6000 0.0000 0.0000
      vertex 58.0000 1.4000 0.0000
      vertex 58.0000 0.0000 0.0000
    endloop
  endfacet
  facet normal 0.000000 0.000000 1.000000
    outer loop
      vertex 33.6000 0.0000 15.0000
      vertex 58.0000 0.0000 15.0000
      vertex 58.0000 1.4000 15.0000
    endloop
  endfacet
  facet normal 0.000000 0.000000 1.000000
    outer loop
      vertex 33.6000 0.0000 15.0000
      vertex 58.0000 1.4000 15.0000
      vertex 33.6000 1.4000 15.0000
    endloop
  endfacet
  facet normal 0.000000 -1.000000 0.000000
    outer loop
      vertex 33.6000 0.0000 0.0000
      vertex 58.0000 0.0000 0.0000
      vertex 58.0000 0.0000 15.0000
    endloop
  endfacet
  facet normal 0.000000 -1.000000 0.000000
    outer loop
      vertex 33.6000 0.0000 0.0000
      vertex 58.0000 0.0000 15.0000
      vertex 33.6000 0.0000 15.0000
    endloop
  endfacet
  facet normal 1.000000 0.000000 0.000000
    outer loop
      vertex 58.0000 0.0000 0.0000
      vertex 58.0000 1.4000 0.0000
      vertex 58.0000 1.4000 15.0000
    endloop
  endfacet
  facet normal 1.000000 0.000000 0.000000
    outer loop
      vertex 58.0000 0.0000 0.0000
      vertex 58.0000 1.4000 15.0000
      vertex 58.0000 0.0000 15.0000
    endloop
  endfacet
  facet normal 0.000000 1.000000 0.000000
    outer loop
      vertex 58.0000 1.4000 0.0000
      vertex 33.6000 1.4000 0.0000
      vertex 33.6000 1.4000 15.0000
    endloop
  endfacet
  facet normal 0.000000 1.000000 -0.000000
    outer loop
      vertex 58.0000 1.4000 0.0000
      vertex 33.6000 1.4000 15.0000
      vertex 58.0000 1.4000 15.0000
    endloop
  endfacet
  facet normal -1.000000 0.000000 0.000000
    outer loop
      vertex 33.6000 1.4000 0.0000
      vertex 33.6000 0.0000 0.0000
      vertex 33.6000 0.0000 15.0000
    endloop
  endfacet
  facet normal -1.000000 0.000000 0.000000
    outer loop
      vertex 33.6000 1.4000 0.0000
      vertex 33.6000 0.0000 15.0000
      vertex 33.6000 1.4000 15.0000
    endloop
  endfacet
  facet normal 0.000000 0.000000 -1.000000
    outer loop
      vertex 24.4000 0.0000 0.0000
      vertex 24.4000 1.4000 0.0000
      vertex 33.6000 1.4000 0.0000
    endloop
  endfacet
  facet normal 0.000000 0.000000 -1.000000
    outer loop
      vertex 24.4000 0.0000 0.0000
      vertex 33.6000 1.4000 0.0000
      vertex 33.6000 0.0000 0.0000
    endloop
  endfacet
  facet normal 0.000000 0.000000 1.000000
    outer loop
      vertex 24.4000 0.0000 4.2000
      vertex 33.6000 0.0000 4.2000
      vertex 33.6000 1.4000 4.2000
    endloop
  endfacet
  facet normal 0.000000 0.000000 1.000000
    outer loop
      vertex 24.4000 0.0000 4.2000
      vertex 33.6000 1.4000 4.2000
      vertex 24.4000 1.4000 4.2000
    endloop
  endfacet
  facet normal 0.000000 -1.000000 0.000000
    outer loop
      vertex 24.4000 0.0000 0.0000
      vertex 33.6000 0.0000 0.0000
      vertex 33.6000 0.0000 4.2000
    endloop
  endfacet
  facet normal 0.000000 -1.000000 0.000000
    outer loop
      vertex 24.4000 0.0000 0.0000
      vertex 33.6000 0.0000 4.2000
      vertex 24.4000 0.0000 4.2000
    endloop
  endfacet
  facet normal 1.000000 0.000000 0.000000
    outer loop
      vertex 33.6000 0.0000 0.0000
      vertex 33.6000 1.4000 0.0000
      vertex 33.6000 1.4000 4.2000
    endloop
  endfacet
  facet normal 1.000000 0.000000 0.000000
    outer loop
      vertex 33.6000 0.0000 0.0000
      vertex 33.6000 1.4000 4.2000
      vertex 33.6000 0.0000 4.2000
    endloop
  endfacet
  facet normal 0.000000 1.000000 0.000000
    outer loop
      vertex 33.6000 1.4000 0.0000
      vertex 24.4000 1.4000 0.0000
      vertex 24.4000 1.4000 4.2000
    endloop
  endfacet
  facet normal 0.000000 1.000000 -0.000000
    outer loop
      vertex 33.6000 1.4000 0.0000
      vertex 24.4000 1.4000 4.2000
      vertex 33.6000 1.4000 4.2000
    endloop
  endfacet
  facet normal -1.000000 0.000000 0.000000
    outer loop
      vertex 24.4000 1.4000 0.0000
      vertex 24.4000 0.0000 0.0000
      vertex 24.4000 0.0000 4.2000
    endloop
  endfacet
  facet normal -1.000000 0.000000 0.000000
    outer loop
      vertex 24.4000 1.4000 0.0000
      vertex 24.4000 0.0000 4.2000
      vertex 24.4000 1.4000 4.2000
    endloop
  endfacet
  facet normal 0.000000 0.000000 -1.000000
    outer loop
      vertex 24.4000 0.0000 7.6000
      vertex 24.4000 1.4000 7.6000
      vertex 33.6000 1.4000 7.6000
    endloop
  endfacet
  facet normal 0.000000 0.000000 -1.000000
    outer loop
      vertex 24.4000 0.0000 7.6000
      vertex 33.6000 1.4000 7.6000
      vertex 33.6000 0.0000 7.6000
    endloop
  endfacet
  facet normal 0.000000 0.000000 1.000000
    outer loop
      vertex 24.4000 0.0000 15.0000
      vertex 33.6000 0.0000 15.0000
      vertex 33.6000 1.4000 15.0000
    endloop
  endfacet
  facet normal 0.000000 0.000000 1.000000
    outer loop
      vertex 24.4000 0.0000 15.0000
      vertex 33.6000 1.4000 15.0000
      vertex 24.4000 1.4000 15.0000
    endloop
  endfacet
  facet normal 0.000000 -1.000000 0.000000
    outer loop
      vertex 24.4000 0.0000 7.6000
      vertex 33.6000 0.0000 7.6000
      vertex 33.6000 0.0000 15.0000
    endloop
  endfacet
  facet normal 0.000000 -1.000000 0.000000
    outer loop
      vertex 24.4000 0.0000 7.6000
      vertex 33.6000 0.0000 15.0000
      vertex 24.4000 0.0000 15.0000
    endloop
  endfacet
  facet normal 1.000000 0.000000 0.000000
    outer loop
      vertex 33.6000 0.0000 7.6000
      vertex 33.6000 1.4000 7.6000
      vertex 33.6000 1.4000 15.0000
    endloop
  endfacet
  facet normal 1.000000 0.000000 0.000000
    outer loop
      vertex 33.6000 0.0000 7.6000
      vertex 33.6000 1.4000 15.0000
      vertex 33.6000 0.0000 15.0000
    endloop
  endfacet
  facet normal 0.000000 1.000000 0.000000
    outer loop
      vertex 33.6000 1.4000 7.6000
      vertex 24.4000 1.4000 7.6000
      vertex 24.4000 1.4000 15.0000
    endloop
  endfacet
  facet normal 0.000000 1.000000 -0.000000
    outer loop
      vertex 33.6000 1.4000 7.6000
      vertex 24.4000 1.4000 15.0000
      vertex 33.6000 1.4000 15.0000
    endloop
  endfacet
  facet normal -1.000000 0.000000 0.000000
    outer loop
      vertex 24.4000 1.4000 7.6000
      vertex 24.4000 0.0000 7.6000
      vertex 24.4000 0.0000 15.0000
    endloop
  endfacet
  facet normal -1.000000 0.000000 0.000000
    outer loop
      vertex 24.4000 1.4000 7.6000
      vertex 24.4000 0.0000 15.0000
      vertex 24.4000 1.4000 15.0000
    endloop
  endfacet
  facet normal 0.000000 0.000000 -1.000000
    outer loop
      vertex 10.7000 13.6000 1.4000
      vertex 10.7000 14.4000 1.4000
      vertex 47.3000 14.4000 1.4000
    endloop
  endfacet
  facet normal 0.000000 0.000000 -1.000000
    outer loop
      vertex 10.7000 13.6000 1.4000
      vertex 47.3000 14.4000 1.4000
      vertex 47.3000 13.6000 1.4000
    endloop
  endfacet
  facet normal 0.000000 0.000000 1.000000
    outer loop
      vertex 10.7000 13.6000 7.9000
      vertex 47.3000 13.6000 7.9000
      vertex 47.3000 14.4000 7.9000
    endloop
  endfacet
  facet normal 0.000000 0.000000 1.000000
    outer loop
      vertex 10.7000 13.6000 7.9000
      vertex 47.3000 14.4000 7.9000
      vertex 10.7000 14.4000 7.9000
    endloop
  endfacet
  facet normal 0.000000 -1.000000 0.000000
    outer loop
      vertex 10.7000 13.6000 1.4000
      vertex 47.3000 13.6000 1.4000
      vertex 47.3000 13.6000 7.9000
    endloop
  endfacet
  facet normal 0.000000 -1.000000 0.000000
    outer loop
      vertex 10.7000 13.6000 1.4000
      vertex 47.3000 13.6000 7.9000
      vertex 10.7000 13.6000 7.9000
    endloop
  endfacet
  facet normal 1.000000 0.000000 0.000000
    outer loop
      vertex 47.3000 13.6000 1.4000
      vertex 47.3000 14.4000 1.4000
      vertex 47.3000 14.4000 7.9000
    endloop
  endfacet
  facet normal 1.000000 0.000000 0.000000
    outer loop
      vertex 47.3000 13.6000 1.4000
      vertex 47.3000 14.4000 7.9000
      vertex 47.3000 13.6000 7.9000
    endloop
  endfacet
  facet normal 0.000000 1.000000 0.000000
    outer loop
      vertex 47.3000 14.4000 1.4000
      vertex 10.7000 14.4000 1.4000
      vertex 10.7000 14.4000 7.9000
    endloop
  endfacet
  facet normal 0.000000 1.000000 -0.000000
    outer loop
      vertex 47.3000 14.4000 1.4000
      vertex 10.7000 14.4000 7.9000
      vertex 47.3000 14.4000 7.9000
    endloop
  endfacet
  facet normal -1.000000 0.000000 0.000000
    outer loop
      vertex 10.7000 14.4000 1.4000
      vertex 10.7000 13.6000 1.4000
      vertex 10.7000 13.6000 7.9000
    endloop
  endfacet
  facet normal -1.000000 0.000000 0.000000
    outer loop
      vertex 10.7000 14.4000 1.4000
      vertex 10.7000 13.6000 7.9000
      vertex 10.7000 14.4000 7.9000
    endloop
  endfacet
  facet normal 0.000000 0.000000 -1.000000
    outer loop
      vertex 10.7000 48.4000 1.4000
      vertex 10.7000 49.2000 1.4000
      vertex 47.3000 49.2000 1.4000
    endloop
  endfacet
  facet normal 0.000000 0.000000 -1.000000
    outer loop
      vertex 10.7000 48.4000 1.4000
      vertex 47.3000 49.2000 1.4000
      vertex 47.3000 48.4000 1.4000
    endloop
  endfacet
  facet normal 0.000000 0.000000 1.000000
    outer loop
      vertex 10.7000 48.4000 7.9000
      vertex 47.3000 48.4000 7.9000
      vertex 47.3000 49.2000 7.9000
    endloop
  endfacet
  facet normal 0.000000 0.000000 1.000000
    outer loop
      vertex 10.7000 48.4000 7.9000
      vertex 47.3000 49.2000 7.9000
      vertex 10.7000 49.2000 7.9000
    endloop
  endfacet
  facet normal 0.000000 -1.000000 0.000000
    outer loop
      vertex 10.7000 48.4000 1.4000
      vertex 47.3000 48.4000 1.4000
      vertex 47.3000 48.4000 7.9000
    endloop
  endfacet
  facet normal 0.000000 -1.000000 0.000000
    outer loop
      vertex 10.7000 48.4000 1.4000
      vertex 47.3000 48.4000 7.9000
      vertex 10.7000 48.4000 7.9000
    endloop
  endfacet
  facet normal 1.000000 0.000000 0.000000
    outer loop
      vertex 47.3000 48.4000 1.4000
      vertex 47.3000 49.2000 1.4000
      vertex 47.3000 49.2000 7.9000
    endloop
  endfacet
  facet normal 1.000000 0.000000 0.000000
    outer loop
      vertex 47.3000 48.4000 1.4000
      vertex 47.3000 49.2000 7.9000
      vertex 47.3000 48.4000 7.9000
    endloop
  endfacet
  facet normal 0.000000 1.000000 0.000000
    outer loop
      vertex 47.3000 49.2000 1.4000
      vertex 10.7000 49.2000 1.4000
      vertex 10.7000 49.2000 7.9000
    endloop
  endfacet
  facet normal 0.000000 1.000000 -0.000000
    outer loop
      vertex 47.3000 49.2000 1.4000
      vertex 10.7000 49.2000 7.9000
      vertex 47.3000 49.2000 7.9000
    endloop
  endfacet
  facet normal -1.000000 0.000000 0.000000
    outer loop
      vertex 10.7000 49.2000 1.4000
      vertex 10.7000 48.4000 1.4000
      vertex 10.7000 48.4000 7.9000
    endloop
  endfacet
  facet normal -1.000000 0.000000 0.000000
    outer loop
      vertex 10.7000 49.2000 1.4000
      vertex 10.7000 48.4000 7.9000
      vertex 10.7000 49.2000 7.9000
    endloop
  endfacet
  facet normal 0.000000 0.000000 -1.000000
    outer loop
      vertex 10.7000 13.6000 1.4000
      vertex 10.7000 49.2000 1.4000
      vertex 11.5000 49.2000 1.4000
    endloop
  endfacet
  facet normal 0.000000 0.000000 -1.000000
    outer loop
      vertex 10.7000 13.6000 1.4000
      vertex 11.5000 49.2000 1.4000
      vertex 11.5000 13.6000 1.4000
    endloop
  endfacet
  facet normal 0.000000 0.000000 1.000000
    outer loop
      vertex 10.7000 13.6000 7.9000
      vertex 11.5000 13.6000 7.9000
      vertex 11.5000 49.2000 7.9000
    endloop
  endfacet
  facet normal 0.000000 0.000000 1.000000
    outer loop
      vertex 10.7000 13.6000 7.9000
      vertex 11.5000 49.2000 7.9000
      vertex 10.7000 49.2000 7.9000
    endloop
  endfacet
  facet normal 0.000000 -1.000000 0.000000
    outer loop
      vertex 10.7000 13.6000 1.4000
      vertex 11.5000 13.6000 1.4000
      vertex 11.5000 13.6000 7.9000
    endloop
  endfacet
  facet normal 0.000000 -1.000000 0.000000
    outer loop
      vertex 10.7000 13.6000 1.4000
      vertex 11.5000 13.6000 7.9000
      vertex 10.7000 13.6000 7.9000
    endloop
  endfacet
  facet normal 1.000000 0.000000 0.000000
    outer loop
      vertex 11.5000 13.6000 1.4000
      vertex 11.5000 49.2000 1.4000
      vertex 11.5000 49.2000 7.9000
    endloop
  endfacet
  facet normal 1.000000 0.000000 0.000000
    outer loop
      vertex 11.5000 13.6000 1.4000
      vertex 11.5000 49.2000 7.9000
      vertex 11.5000 13.6000 7.9000
    endloop
  endfacet
  facet normal 0.000000 1.000000 0.000000
    outer loop
      vertex 11.5000 49.2000 1.4000
      vertex 10.7000 49.2000 1.4000
      vertex 10.7000 49.2000 7.9000
    endloop
  endfacet
  facet normal 0.000000 1.000000 -0.000000
    outer loop
      vertex 11.5000 49.2000 1.4000
      vertex 10.7000 49.2000 7.9000
      vertex 11.5000 49.2000 7.9000
    endloop
  endfacet
  facet normal -1.000000 0.000000 0.000000
    outer loop
      vertex 10.7000 49.2000 1.4000
      vertex 10.7000 13.6000 1.4000
      vertex 10.7000 13.6000 7.9000
    endloop
  endfacet
  facet normal -1.000000 0.000000 0.000000
    outer loop
      vertex 10.7000 49.2000 1.4000
      vertex 10.7000 13.6000 7.9000
      vertex 10.7000 49.2000 7.9000
    endloop
  endfacet
  facet normal 0.000000 0.000000 -1.000000
    outer loop
      vertex 46.5000 13.6000 1.4000
      vertex 46.5000 49.2000 1.4000
      vertex 47.3000 49.2000 1.4000
    endloop
  endfacet
  facet normal 0.000000 0.000000 -1.000000
    outer loop
      vertex 46.5000 13.6000 1.4000
      vertex 47.3000 49.2000 1.4000
      vertex 47.3000 13.6000 1.4000
    endloop
  endfacet
  facet normal 0.000000 0.000000 1.000000
    outer loop
      vertex 46.5000 13.6000 7.9000
      vertex 47.3000 13.6000 7.9000
      vertex 47.3000 49.2000 7.9000
    endloop
  endfacet
  facet normal 0.000000 0.000000 1.000000
    outer loop
      vertex 46.5000 13.6000 7.9000
      vertex 47.3000 49.2000 7.9000
      vertex 46.5000 49.2000 7.9000
    endloop
  endfacet
  facet normal 0.000000 -1.000000 0.000000
    outer loop
      vertex 46.5000 13.6000 1.4000
      vertex 47.3000 13.6000 1.4000
      vertex 47.3000 13.6000 7.9000
    endloop
  endfacet
  facet normal 0.000000 -1.000000 0.000000
    outer loop
      vertex 46.5000 13.6000 1.4000
      vertex 47.3000 13.6000 7.9000
      vertex 46.5000 13.6000 7.9000
    endloop
  endfacet
  facet normal 1.000000 0.000000 0.000000
    outer loop
      vertex 47.3000 13.6000 1.4000
      vertex 47.3000 49.2000 1.4000
      vertex 47.3000 49.2000 7.9000
    endloop
  endfacet
  facet normal 1.000000 0.000000 0.000000
    outer loop
      vertex 47.3000 13.6000 1.4000
      vertex 47.3000 49.2000 7.9000
      vertex 47.3000 13.6000 7.9000
    endloop
  endfacet
  facet normal 0.000000 1.000000 0.000000
    outer loop
      vertex 47.3000 49.2000 1.4000
      vertex 46.5000 49.2000 1.4000
      vertex 46.5000 49.2000 7.9000
    endloop
  endfacet
  facet normal 0.000000 1.000000 -0.000000
    outer loop
      vertex 47.3000 49.2000 1.4000
      vertex 46.5000 49.2000 7.9000
      vertex 47.3000 49.2000 7.9000
    endloop
  endfacet
  facet normal -1.000000 0.000000 0.000000
    outer loop
      vertex 46.5000 49.2000 1.4000
      vertex 46.5000 13.6000 1.4000
      vertex 46.5000 13.6000 7.9000
    endloop
  endfacet
  facet normal -1.000000 0.000000 0.000000
    outer loop
      vertex 46.5000 49.2000 1.4000
      vertex 46.5000 13.6000 7.9000
      vertex 46.5000 49.2000 7.9000
    endloop
  endfacet
  facet normal 0.980785 0.195090 0.000000
    outer loop
      vertex 10.2000 11.4000 1.4000
      vertex 10.0325 12.2419 1.4000
      vertex 10.0325 12.2419 7.9000
    endloop
  endfacet
  facet normal 0.980785 0.195090 -0.000000
    outer loop
      vertex 10.2000 11.4000 1.4000
      vertex 10.0325 12.2419 7.9000
      vertex 10.2000 11.4000 7.9000
    endloop
  endfacet
  facet normal -0.980785 -0.195090 0.000000
    outer loop
      vertex 9.0163 11.8210 1.4000
      vertex 9.1000 11.4000 1.4000
      vertex 9.1000 11.4000 7.9000
    endloop
  endfacet
  facet normal -0.980785 -0.195090 0.000000
    outer loop
      vertex 9.0163 11.8210 1.4000
      vertex 9.1000 11.4000 7.9000
      vertex 9.0163 11.8210 7.9000
    endloop
  endfacet
  facet normal 0.000000 0.000000 1.000000
    outer loop
      vertex 10.2000 11.4000 7.9000
      vertex 10.0325 12.2419 7.9000
      vertex 9.0163 11.8210 7.9000
    endloop
  endfacet
  facet normal 0.000000 0.000000 1.000000
    outer loop
      vertex 10.2000 11.4000 7.9000
      vertex 9.0163 11.8210 7.9000
      vertex 9.1000 11.4000 7.9000
    endloop
  endfacet
  facet normal 0.000000 -0.000000 -1.000000
    outer loop
      vertex 10.0325 12.2419 1.4000
      vertex 10.2000 11.4000 1.4000
      vertex 9.1000 11.4000 1.4000
    endloop
  endfacet
  facet normal 0.000000 0.000000 -1.000000
    outer loop
      vertex 10.0325 12.2419 1.4000
      vertex 9.1000 11.4000 1.4000
      vertex 9.0163 11.8210 1.4000
    endloop
  endfacet
  facet normal 0.831470 0.555570 0.000000
    outer loop
      vertex 10.0325 12.2419 1.4000
      vertex 9.5556 12.9556 1.4000
      vertex 9.5556 12.9556 7.9000
    endloop
  endfacet
  facet normal 0.831470 0.555570 -0.000000
    outer loop
      vertex 10.0325 12.2419 1.4000
      vertex 9.5556 12.9556 7.9000
      vertex 10.0325 12.2419 7.9000
    endloop
  endfacet
  facet normal -0.831470 -0.555570 0.000000
    outer loop
      vertex 8.7778 12.1778 1.4000
      vertex 9.0163 11.8210 1.4000
      vertex 9.0163 11.8210 7.9000
    endloop
  endfacet
  facet normal -0.831470 -0.555570 0.000000
    outer loop
      vertex 8.7778 12.1778 1.4000
      vertex 9.0163 11.8210 7.9000
      vertex 8.7778 12.1778 7.9000
    endloop
  endfacet
  facet normal 0.000000 0.000000 1.000000
    outer loop
      vertex 10.0325 12.2419 7.9000
      vertex 9.5556 12.9556 7.9000
      vertex 8.7778 12.1778 7.9000
    endloop
  endfacet
  facet normal 0.000000 0.000000 1.000000
    outer loop
      vertex 10.0325 12.2419 7.9000
      vertex 8.7778 12.1778 7.9000
      vertex 9.0163 11.8210 7.9000
    endloop
  endfacet
  facet normal 0.000000 -0.000000 -1.000000
    outer loop
      vertex 9.5556 12.9556 1.4000
      vertex 10.0325 12.2419 1.4000
      vertex 9.0163 11.8210 1.4000
    endloop
  endfacet
  facet normal 0.000000 0.000000 -1.000000
    outer loop
      vertex 9.5556 12.9556 1.4000
      vertex 9.0163 11.8210 1.4000
      vertex 8.7778 12.1778 1.4000
    endloop
  endfacet
  facet normal 0.555570 0.831470 0.000000
    outer loop
      vertex 9.5556 12.9556 1.4000
      vertex 8.8419 13.4325 1.4000
      vertex 8.8419 13.4325 7.9000
    endloop
  endfacet
  facet normal 0.555570 0.831470 -0.000000
    outer loop
      vertex 9.5556 12.9556 1.4000
      vertex 8.8419 13.4325 7.9000
      vertex 9.5556 12.9556 7.9000
    endloop
  endfacet
  facet normal -0.555570 -0.831470 0.000000
    outer loop
      vertex 8.4210 12.4163 1.4000
      vertex 8.7778 12.1778 1.4000
      vertex 8.7778 12.1778 7.9000
    endloop
  endfacet
  facet normal -0.555570 -0.831470 0.000000
    outer loop
      vertex 8.4210 12.4163 1.4000
      vertex 8.7778 12.1778 7.9000
      vertex 8.4210 12.4163 7.9000
    endloop
  endfacet
  facet normal 0.000000 0.000000 1.000000
    outer loop
      vertex 9.5556 12.9556 7.9000
      vertex 8.8419 13.4325 7.9000
      vertex 8.4210 12.4163 7.9000
    endloop
  endfacet
  facet normal 0.000000 0.000000 1.000000
    outer loop
      vertex 9.5556 12.9556 7.9000
      vertex 8.4210 12.4163 7.9000
      vertex 8.7778 12.1778 7.9000
    endloop
  endfacet
  facet normal 0.000000 -0.000000 -1.000000
    outer loop
      vertex 8.8419 13.4325 1.4000
      vertex 9.5556 12.9556 1.4000
      vertex 8.7778 12.1778 1.4000
    endloop
  endfacet
  facet normal 0.000000 0.000000 -1.000000
    outer loop
      vertex 8.8419 13.4325 1.4000
      vertex 8.7778 12.1778 1.4000
      vertex 8.4210 12.4163 1.4000
    endloop
  endfacet
  facet normal 0.195090 0.980785 0.000000
    outer loop
      vertex 8.8419 13.4325 1.4000
      vertex 8.0000 13.6000 1.4000
      vertex 8.0000 13.6000 7.9000
    endloop
  endfacet
  facet normal 0.195090 0.980785 -0.000000
    outer loop
      vertex 8.8419 13.4325 1.4000
      vertex 8.0000 13.6000 7.9000
      vertex 8.8419 13.4325 7.9000
    endloop
  endfacet
  facet normal -0.195090 -0.980785 0.000000
    outer loop
      vertex 8.0000 12.5000 1.4000
      vertex 8.4210 12.4163 1.4000
      vertex 8.4210 12.4163 7.9000
    endloop
  endfacet
  facet normal -0.195090 -0.980785 0.000000
    outer loop
      vertex 8.0000 12.5000 1.4000
      vertex 8.4210 12.4163 7.9000
      vertex 8.0000 12.5000 7.9000
    endloop
  endfacet
  facet normal 0.000000 0.000000 1.000000
    outer loop
      vertex 8.8419 13.4325 7.9000
      vertex 8.0000 13.6000 7.9000
      vertex 8.0000 12.5000 7.9000
    endloop
  endfacet
  facet normal 0.000000 0.000000 1.000000
    outer loop
      vertex 8.8419 13.4325 7.9000
      vertex 8.0000 12.5000 7.9000
      vertex 8.4210 12.4163 7.9000
    endloop
  endfacet
  facet normal 0.000000 0.000000 -1.000000
    outer loop
      vertex 8.0000 13.6000 1.4000
      vertex 8.8419 13.4325 1.4000
      vertex 8.4210 12.4163 1.4000
    endloop
  endfacet
  facet normal 0.000000 0.000000 -1.000000
    outer loop
      vertex 8.0000 13.6000 1.4000
      vertex 8.4210 12.4163 1.4000
      vertex 8.0000 12.5000 1.4000
    endloop
  endfacet
  facet normal -0.195090 0.980785 0.000000
    outer loop
      vertex 8.0000 13.6000 1.4000
      vertex 7.1581 13.4325 1.4000
      vertex 7.1581 13.4325 7.9000
    endloop
  endfacet
  facet normal -0.195090 0.980785 0.000000
    outer loop
      vertex 8.0000 13.6000 1.4000
      vertex 7.1581 13.4325 7.9000
      vertex 8.0000 13.6000 7.9000
    endloop
  endfacet
  facet normal 0.195090 -0.980785 0.000000
    outer loop
      vertex 7.5790 12.4163 1.4000
      vertex 8.0000 12.5000 1.4000
      vertex 8.0000 12.5000 7.9000
    endloop
  endfacet
  facet normal 0.195090 -0.980785 0.000000
    outer loop
      vertex 7.5790 12.4163 1.4000
      vertex 8.0000 12.5000 7.9000
      vertex 7.5790 12.4163 7.9000
    endloop
  endfacet
  facet normal 0.000000 0.000000 1.000000
    outer loop
      vertex 8.0000 13.6000 7.9000
      vertex 7.1581 13.4325 7.9000
      vertex 7.5790 12.4163 7.9000
    endloop
  endfacet
  facet normal 0.000000 0.000000 1.000000
    outer loop
      vertex 8.0000 13.6000 7.9000
      vertex 7.5790 12.4163 7.9000
      vertex 8.0000 12.5000 7.9000
    endloop
  endfacet
  facet normal 0.000000 0.000000 -1.000000
    outer loop
      vertex 7.1581 13.4325 1.4000
      vertex 8.0000 13.6000 1.4000
      vertex 8.0000 12.5000 1.4000
    endloop
  endfacet
  facet normal 0.000000 0.000000 -1.000000
    outer loop
      vertex 7.1581 13.4325 1.4000
      vertex 8.0000 12.5000 1.4000
      vertex 7.5790 12.4163 1.4000
    endloop
  endfacet
  facet normal -0.555570 0.831470 0.000000
    outer loop
      vertex 7.1581 13.4325 1.4000
      vertex 6.4444 12.9556 1.4000
      vertex 6.4444 12.9556 7.9000
    endloop
  endfacet
  facet normal -0.555570 0.831470 0.000000
    outer loop
      vertex 7.1581 13.4325 1.4000
      vertex 6.4444 12.9556 7.9000
      vertex 7.1581 13.4325 7.9000
    endloop
  endfacet
  facet normal 0.555570 -0.831470 0.000000
    outer loop
      vertex 7.2222 12.1778 1.4000
      vertex 7.5790 12.4163 1.4000
      vertex 7.5790 12.4163 7.9000
    endloop
  endfacet
  facet normal 0.555570 -0.831470 0.000000
    outer loop
      vertex 7.2222 12.1778 1.4000
      vertex 7.5790 12.4163 7.9000
      vertex 7.2222 12.1778 7.9000
    endloop
  endfacet
  facet normal 0.000000 0.000000 1.000000
    outer loop
      vertex 7.1581 13.4325 7.9000
      vertex 6.4444 12.9556 7.9000
      vertex 7.2222 12.1778 7.9000
    endloop
  endfacet
  facet normal 0.000000 0.000000 1.000000
    outer loop
      vertex 7.1581 13.4325 7.9000
      vertex 7.2222 12.1778 7.9000
      vertex 7.5790 12.4163 7.9000
    endloop
  endfacet
  facet normal 0.000000 0.000000 -1.000000
    outer loop
      vertex 6.4444 12.9556 1.4000
      vertex 7.1581 13.4325 1.4000
      vertex 7.5790 12.4163 1.4000
    endloop
  endfacet
  facet normal 0.000000 0.000000 -1.000000
    outer loop
      vertex 6.4444 12.9556 1.4000
      vertex 7.5790 12.4163 1.4000
      vertex 7.2222 12.1778 1.4000
    endloop
  endfacet
  facet normal -0.831470 0.555570 0.000000
    outer loop
      vertex 6.4444 12.9556 1.4000
      vertex 5.9675 12.2419 1.4000
      vertex 5.9675 12.2419 7.9000
    endloop
  endfacet
  facet normal -0.831470 0.555570 0.000000
    outer loop
      vertex 6.4444 12.9556 1.4000
      vertex 5.9675 12.2419 7.9000
      vertex 6.4444 12.9556 7.9000
    endloop
  endfacet
  facet normal 0.831470 -0.555570 0.000000
    outer loop
      vertex 6.9837 11.8210 1.4000
      vertex 7.2222 12.1778 1.4000
      vertex 7.2222 12.1778 7.9000
    endloop
  endfacet
  facet normal 0.831470 -0.555570 0.000000
    outer loop
      vertex 6.9837 11.8210 1.4000
      vertex 7.2222 12.1778 7.9000
      vertex 6.9837 11.8210 7.9000
    endloop
  endfacet
  facet normal 0.000000 0.000000 1.000000
    outer loop
      vertex 6.4444 12.9556 7.9000
      vertex 5.9675 12.2419 7.9000
      vertex 6.9837 11.8210 7.9000
    endloop
  endfacet
  facet normal 0.000000 0.000000 1.000000
    outer loop
      vertex 6.4444 12.9556 7.9000
      vertex 6.9837 11.8210 7.9000
      vertex 7.2222 12.1778 7.9000
    endloop
  endfacet
  facet normal 0.000000 0.000000 -1.000000
    outer loop
      vertex 5.9675 12.2419 1.4000
      vertex 6.4444 12.9556 1.4000
      vertex 7.2222 12.1778 1.4000
    endloop
  endfacet
  facet normal 0.000000 0.000000 -1.000000
    outer loop
      vertex 5.9675 12.2419 1.4000
      vertex 7.2222 12.1778 1.4000
      vertex 6.9837 11.8210 1.4000
    endloop
  endfacet
  facet normal -0.980785 0.195090 0.000000
    outer loop
      vertex 5.9675 12.2419 1.4000
      vertex 5.8000 11.4000 1.4000
      vertex 5.8000 11.4000 7.9000
    endloop
  endfacet
  facet normal -0.980785 0.195090 0.000000
    outer loop
      vertex 5.9675 12.2419 1.4000
      vertex 5.8000 11.4000 7.9000
      vertex 5.9675 12.2419 7.9000
    endloop
  endfacet
  facet normal 0.980785 -0.195090 0.000000
    outer loop
      vertex 6.9000 11.4000 1.4000
      vertex 6.9837 11.8210 1.4000
      vertex 6.9837 11.8210 7.9000
    endloop
  endfacet
  facet normal 0.980785 -0.195090 0.000000
    outer loop
      vertex 6.9000 11.4000 1.4000
      vertex 6.9837 11.8210 7.9000
      vertex 6.9000 11.4000 7.9000
    endloop
  endfacet
  facet normal 0.000000 0.000000 1.000000
    outer loop
      vertex 5.9675 12.2419 7.9000
      vertex 5.8000 11.4000 7.9000
      vertex 6.9000 11.4000 7.9000
    endloop
  endfacet
  facet normal 0.000000 0.000000 1.000000
    outer loop
      vertex 5.9675 12.2419 7.9000
      vertex 6.9000 11.4000 7.9000
      vertex 6.9837 11.8210 7.9000
    endloop
  endfacet
  facet normal 0.000000 0.000000 -1.000000
    outer loop
      vertex 5.8000 11.4000 1.4000
      vertex 5.9675 12.2419 1.4000
      vertex 6.9837 11.8210 1.4000
    endloop
  endfacet
  facet normal 0.000000 0.000000 -1.000000
    outer loop
      vertex 5.8000 11.4000 1.4000
      vertex 6.9837 11.8210 1.4000
      vertex 6.9000 11.4000 1.4000
    endloop
  endfacet
  facet normal -0.980785 -0.195090 0.000000
    outer loop
      vertex 5.8000 11.4000 1.4000
      vertex 5.9675 10.5581 1.4000
      vertex 5.9675 10.5581 7.9000
    endloop
  endfacet
  facet normal -0.980785 -0.195090 0.000000
    outer loop
      vertex 5.8000 11.4000 1.4000
      vertex 5.9675 10.5581 7.9000
      vertex 5.8000 11.4000 7.9000
    endloop
  endfacet
  facet normal 0.980785 0.195090 0.000000
    outer loop
      vertex 6.9837 10.9790 1.4000
      vertex 6.9000 11.4000 1.4000
      vertex 6.9000 11.4000 7.9000
    endloop
  endfacet
  facet normal 0.980785 0.195090 -0.000000
    outer loop
      vertex 6.9837 10.9790 1.4000
      vertex 6.9000 11.4000 7.9000
      vertex 6.9837 10.9790 7.9000
    endloop
  endfacet
  facet normal 0.000000 0.000000 1.000000
    outer loop
      vertex 5.8000 11.4000 7.9000
      vertex 5.9675 10.5581 7.9000
      vertex 6.9837 10.9790 7.9000
    endloop
  endfacet
  facet normal -0.000000 0.000000 1.000000
    outer loop
      vertex 5.8000 11.4000 7.9000
      vertex 6.9837 10.9790 7.9000
      vertex 6.9000 11.4000 7.9000
    endloop
  endfacet
  facet normal 0.000000 0.000000 -1.000000
    outer loop
      vertex 5.9675 10.5581 1.4000
      vertex 5.8000 11.4000 1.4000
      vertex 6.9000 11.4000 1.4000
    endloop
  endfacet
  facet normal 0.000000 0.000000 -1.000000
    outer loop
      vertex 5.9675 10.5581 1.4000
      vertex 6.9000 11.4000 1.4000
      vertex 6.9837 10.9790 1.4000
    endloop
  endfacet
  facet normal -0.831470 -0.555570 0.000000
    outer loop
      vertex 5.9675 10.5581 1.4000
      vertex 6.4444 9.8444 1.4000
      vertex 6.4444 9.8444 7.9000
    endloop
  endfacet
  facet normal -0.831470 -0.555570 0.000000
    outer loop
      vertex 5.9675 10.5581 1.4000
      vertex 6.4444 9.8444 7.9000
      vertex 5.9675 10.5581 7.9000
    endloop
  endfacet
  facet normal 0.831470 0.555570 0.000000
    outer loop
      vertex 7.2222 10.6222 1.4000
      vertex 6.9837 10.9790 1.4000
      vertex 6.9837 10.9790 7.9000
    endloop
  endfacet
  facet normal 0.831470 0.555570 -0.000000
    outer loop
      vertex 7.2222 10.6222 1.4000
      vertex 6.9837 10.9790 7.9000
      vertex 7.2222 10.6222 7.9000
    endloop
  endfacet
  facet normal -0.000000 0.000000 1.000000
    outer loop
      vertex 5.9675 10.5581 7.9000
      vertex 6.4444 9.8444 7.9000
      vertex 7.2222 10.6222 7.9000
    endloop
  endfacet
  facet normal 0.000000 0.000000 1.000000
    outer loop
      vertex 5.9675 10.5581 7.9000
      vertex 7.2222 10.6222 7.9000
      vertex 6.9837 10.9790 7.9000
    endloop
  endfacet
  facet normal 0.000000 0.000000 -1.000000
    outer loop
      vertex 6.4444 9.8444 1.4000
      vertex 5.9675 10.5581 1.4000
      vertex 6.9837 10.9790 1.4000
    endloop
  endfacet
  facet normal 0.000000 0.000000 -1.000000
    outer loop
      vertex 6.4444 9.8444 1.4000
      vertex 6.9837 10.9790 1.4000
      vertex 7.2222 10.6222 1.4000
    endloop
  endfacet
  facet normal -0.555570 -0.831470 0.000000
    outer loop
      vertex 6.4444 9.8444 1.4000
      vertex 7.1581 9.3675 1.4000
      vertex 7.1581 9.3675 7.9000
    endloop
  endfacet
  facet normal -0.555570 -0.831470 0.000000
    outer loop
      vertex 6.4444 9.8444 1.4000
      vertex 7.1581 9.3675 7.9000
      vertex 6.4444 9.8444 7.9000
    endloop
  endfacet
  facet normal 0.555570 0.831470 0.000000
    outer loop
      vertex 7.5790 10.3837 1.4000
      vertex 7.2222 10.6222 1.4000
      vertex 7.2222 10.6222 7.9000
    endloop
  endfacet
  facet normal 0.555570 0.831470 -0.000000
    outer loop
      vertex 7.5790 10.3837 1.4000
      vertex 7.2222 10.6222 7.9000
      vertex 7.5790 10.3837 7.9000
    endloop
  endfacet
  facet normal -0.000000 0.000000 1.000000
    outer loop
      vertex 6.4444 9.8444 7.9000
      vertex 7.1581 9.3675 7.9000
      vertex 7.5790 10.3837 7.9000
    endloop
  endfacet
  facet normal 0.000000 0.000000 1.000000
    outer loop
      vertex 6.4444 9.8444 7.9000
      vertex 7.5790 10.3837 7.9000
      vertex 7.2222 10.6222 7.9000
    endloop
  endfacet
  facet normal 0.000000 0.000000 -1.000000
    outer loop
      vertex 7.1581 9.3675 1.4000
      vertex 6.4444 9.8444 1.4000
      vertex 7.2222 10.6222 1.4000
    endloop
  endfacet
  facet normal 0.000000 0.000000 -1.000000
    outer loop
      vertex 7.1581 9.3675 1.4000
      vertex 7.2222 10.6222 1.4000
      vertex 7.5790 10.3837 1.4000
    endloop
  endfacet
  facet normal -0.195090 -0.980785 0.000000
    outer loop
      vertex 7.1581 9.3675 1.4000
      vertex 8.0000 9.2000 1.4000
      vertex 8.0000 9.2000 7.9000
    endloop
  endfacet
  facet normal -0.195090 -0.980785 0.000000
    outer loop
      vertex 7.1581 9.3675 1.4000
      vertex 8.0000 9.2000 7.9000
      vertex 7.1581 9.3675 7.9000
    endloop
  endfacet
  facet normal 0.195090 0.980785 0.000000
    outer loop
      vertex 8.0000 10.3000 1.4000
      vertex 7.5790 10.3837 1.4000
      vertex 7.5790 10.3837 7.9000
    endloop
  endfacet
  facet normal 0.195090 0.980785 -0.000000
    outer loop
      vertex 8.0000 10.3000 1.4000
      vertex 7.5790 10.3837 7.9000
      vertex 8.0000 10.3000 7.9000
    endloop
  endfacet
  facet normal -0.000000 0.000000 1.000000
    outer loop
      vertex 7.1581 9.3675 7.9000
      vertex 8.0000 9.2000 7.9000
      vertex 8.0000 10.3000 7.9000
    endloop
  endfacet
  facet normal 0.000000 0.000000 1.000000
    outer loop
      vertex 7.1581 9.3675 7.9000
      vertex 8.0000 10.3000 7.9000
      vertex 7.5790 10.3837 7.9000
    endloop
  endfacet
  facet normal 0.000000 0.000000 -1.000000
    outer loop
      vertex 8.0000 9.2000 1.4000
      vertex 7.1581 9.3675 1.4000
      vertex 7.5790 10.3837 1.4000
    endloop
  endfacet
  facet normal 0.000000 0.000000 -1.000000
    outer loop
      vertex 8.0000 9.2000 1.4000
      vertex 7.5790 10.3837 1.4000
      vertex 8.0000 10.3000 1.4000
    endloop
  endfacet
  facet normal 0.195090 -0.980785 0.000000
    outer loop
      vertex 8.0000 9.2000 1.4000
      vertex 8.8419 9.3675 1.4000
      vertex 8.8419 9.3675 7.9000
    endloop
  endfacet
  facet normal 0.195090 -0.980785 0.000000
    outer loop
      vertex 8.0000 9.2000 1.4000
      vertex 8.8419 9.3675 7.9000
      vertex 8.0000 9.2000 7.9000
    endloop
  endfacet
  facet normal -0.195090 0.980785 0.000000
    outer loop
      vertex 8.4210 10.3837 1.4000
      vertex 8.0000 10.3000 1.4000
      vertex 8.0000 10.3000 7.9000
    endloop
  endfacet
  facet normal -0.195090 0.980785 0.000000
    outer loop
      vertex 8.4210 10.3837 1.4000
      vertex 8.0000 10.3000 7.9000
      vertex 8.4210 10.3837 7.9000
    endloop
  endfacet
  facet normal 0.000000 0.000000 1.000000
    outer loop
      vertex 8.0000 9.2000 7.9000
      vertex 8.8419 9.3675 7.9000
      vertex 8.4210 10.3837 7.9000
    endloop
  endfacet
  facet normal 0.000000 0.000000 1.000000
    outer loop
      vertex 8.0000 9.2000 7.9000
      vertex 8.4210 10.3837 7.9000
      vertex 8.0000 10.3000 7.9000
    endloop
  endfacet
  facet normal -0.000000 0.000000 -1.000000
    outer loop
      vertex 8.8419 9.3675 1.4000
      vertex 8.0000 9.2000 1.4000
      vertex 8.0000 10.3000 1.4000
    endloop
  endfacet
  facet normal 0.000000 0.000000 -1.000000
    outer loop
      vertex 8.8419 9.3675 1.4000
      vertex 8.0000 10.3000 1.4000
      vertex 8.4210 10.3837 1.4000
    endloop
  endfacet
  facet normal 0.555570 -0.831470 0.000000
    outer loop
      vertex 8.8419 9.3675 1.4000
      vertex 9.5556 9.8444 1.4000
      vertex 9.5556 9.8444 7.9000
    endloop
  endfacet
  facet normal 0.555570 -0.831470 0.000000
    outer loop
      vertex 8.8419 9.3675 1.4000
      vertex 9.5556 9.8444 7.9000
      vertex 8.8419 9.3675 7.9000
    endloop
  endfacet
  facet normal -0.555570 0.831470 0.000000
    outer loop
      vertex 8.7778 10.6222 1.4000
      vertex 8.4210 10.3837 1.4000
      vertex 8.4210 10.3837 7.9000
    endloop
  endfacet
  facet normal -0.555570 0.831470 0.000000
    outer loop
      vertex 8.7778 10.6222 1.4000
      vertex 8.4210 10.3837 7.9000
      vertex 8.7778 10.6222 7.9000
    endloop
  endfacet
  facet normal 0.000000 -0.000000 1.000000
    outer loop
      vertex 8.8419 9.3675 7.9000
      vertex 9.5556 9.8444 7.9000
      vertex 8.7778 10.6222 7.9000
    endloop
  endfacet
  facet normal 0.000000 0.000000 1.000000
    outer loop
      vertex 8.8419 9.3675 7.9000
      vertex 8.7778 10.6222 7.9000
      vertex 8.4210 10.3837 7.9000
    endloop
  endfacet
  facet normal -0.000000 0.000000 -1.000000
    outer loop
      vertex 9.5556 9.8444 1.4000
      vertex 8.8419 9.3675 1.4000
      vertex 8.4210 10.3837 1.4000
    endloop
  endfacet
  facet normal 0.000000 0.000000 -1.000000
    outer loop
      vertex 9.5556 9.8444 1.4000
      vertex 8.4210 10.3837 1.4000
      vertex 8.7778 10.6222 1.4000
    endloop
  endfacet
  facet normal 0.831470 -0.555570 0.000000
    outer loop
      vertex 9.5556 9.8444 1.4000
      vertex 10.0325 10.5581 1.4000
      vertex 10.0325 10.5581 7.9000
    endloop
  endfacet
  facet normal 0.831470 -0.555570 0.000000
    outer loop
      vertex 9.5556 9.8444 1.4000
      vertex 10.0325 10.5581 7.9000
      vertex 9.5556 9.8444 7.9000
    endloop
  endfacet
  facet normal -0.831470 0.555570 0.000000
    outer loop
      vertex 9.0163 10.9790 1.4000
      vertex 8.7778 10.6222 1.4000
      vertex 8.7778 10.6222 7.9000
    endloop
  endfacet
  facet normal -0.831470 0.555570 0.000000
    outer loop
      vertex 9.0163 10.9790 1.4000
      vertex 8.7778 10.6222 7.9000
      vertex 9.0163 10.9790 7.9000
    endloop
  endfacet
  facet normal 0.000000 -0.000000 1.000000
    outer loop
      vertex 9.5556 9.8444 7.9000
      vertex 10.0325 10.5581 7.9000
      vertex 9.0163 10.9790 7.9000
    endloop
  endfacet
  facet normal 0.000000 0.000000 1.000000
    outer loop
      vertex 9.5556 9.8444 7.9000
      vertex 9.0163 10.9790 7.9000
      vertex 8.7778 10.6222 7.9000
    endloop
  endfacet
  facet normal -0.000000 0.000000 -1.000000
    outer loop
      vertex 10.0325 10.5581 1.4000
      vertex 9.5556 9.8444 1.4000
      vertex 8.7778 10.6222 1.4000
    endloop
  endfacet
  facet normal 0.000000 0.000000 -1.000000
    outer loop
      vertex 10.0325 10.5581 1.4000
      vertex 8.7778 10.6222 1.4000
      vertex 9.0163 10.9790 1.4000
    endloop
  endfacet
  facet normal 0.980785 -0.195090 0.000000
    outer loop
      vertex 10.0325 10.5581 1.4000
      vertex 10.2000 11.4000 1.4000
      vertex 10.2000 11.4000 7.9000
    endloop
  endfacet
  facet normal 0.980785 -0.195090 0.000000
    outer loop
      vertex 10.0325 10.5581 1.4000
      vertex 10.2000 11.4000 7.9000
      vertex 10.0325 10.5581 7.9000
    endloop
  endfacet
  facet normal -0.980785 0.195090 0.000000
    outer loop
      vertex 9.1000 11.4000 1.4000
      vertex 9.0163 10.9790 1.4000
      vertex 9.0163 10.9790 7.9000
    endloop
  endfacet
  facet normal -0.980785 0.195090 0.000000
    outer loop
      vertex 9.1000 11.4000 1.4000
      vertex 9.0163 10.9790 7.9000
      vertex 9.1000 11.4000 7.9000
    endloop
  endfacet
  facet normal 0.000000 -0.000000 1.000000
    outer loop
      vertex 10.0325 10.5581 7.9000
      vertex 10.2000 11.4000 7.9000
      vertex 9.1000 11.4000 7.9000
    endloop
  endfacet
  facet normal 0.000000 0.000000 1.000000
    outer loop
      vertex 10.0325 10.5581 7.9000
      vertex 9.1000 11.4000 7.9000
      vertex 9.0163 10.9790 7.9000
    endloop
  endfacet
  facet normal 0.000000 0.000000 -1.000000
    outer loop
      vertex 10.2000 11.4000 1.4000
      vertex 10.0325 10.5581 1.4000
      vertex 9.0163 10.9790 1.4000
    endloop
  endfacet
  facet normal -0.000000 0.000000 -1.000000
    outer loop
      vertex 10.2000 11.4000 1.4000
      vertex 9.0163 10.9790 1.4000
      vertex 9.1000 11.4000 1.4000
    endloop
  endfacet
  facet normal 0.980785 0.195090 0.000000
    outer loop
      vertex 52.2000 11.4000 1.4000
      vertex 52.0325 12.2419 1.4000
      vertex 52.0325 12.2419 7.9000
    endloop
  endfacet
  facet normal 0.980785 0.195090 -0.000000
    outer loop
      vertex 52.2000 11.4000 1.4000
      vertex 52.0325 12.2419 7.9000
      vertex 52.2000 11.4000 7.9000
    endloop
  endfacet
  facet normal -0.980785 -0.195090 0.000000
    outer loop
      vertex 51.0163 11.8210 1.4000
      vertex 51.1000 11.4000 1.4000
      vertex 51.1000 11.4000 7.9000
    endloop
  endfacet
  facet normal -0.980785 -0.195090 0.000000
    outer loop
      vertex 51.0163 11.8210 1.4000
      vertex 51.1000 11.4000 7.9000
      vertex 51.0163 11.8210 7.9000
    endloop
  endfacet
  facet normal 0.000000 0.000000 1.000000
    outer loop
      vertex 52.2000 11.4000 7.9000
      vertex 52.0325 12.2419 7.9000
      vertex 51.0163 11.8210 7.9000
    endloop
  endfacet
  facet normal 0.000000 0.000000 1.000000
    outer loop
      vertex 52.2000 11.4000 7.9000
      vertex 51.0163 11.8210 7.9000
      vertex 51.1000 11.4000 7.9000
    endloop
  endfacet
  facet normal 0.000000 -0.000000 -1.000000
    outer loop
      vertex 52.0325 12.2419 1.4000
      vertex 52.2000 11.4000 1.4000
      vertex 51.1000 11.4000 1.4000
    endloop
  endfacet
  facet normal 0.000000 0.000000 -1.000000
    outer loop
      vertex 52.0325 12.2419 1.4000
      vertex 51.1000 11.4000 1.4000
      vertex 51.0163 11.8210 1.4000
    endloop
  endfacet
  facet normal 0.831470 0.555570 0.000000
    outer loop
      vertex 52.0325 12.2419 1.4000
      vertex 51.5556 12.9556 1.4000
      vertex 51.5556 12.9556 7.9000
    endloop
  endfacet
  facet normal 0.831470 0.555570 -0.000000
    outer loop
      vertex 52.0325 12.2419 1.4000
      vertex 51.5556 12.9556 7.9000
      vertex 52.0325 12.2419 7.9000
    endloop
  endfacet
  facet normal -0.831470 -0.555570 0.000000
    outer loop
      vertex 50.7778 12.1778 1.4000
      vertex 51.0163 11.8210 1.4000
      vertex 51.0163 11.8210 7.9000
    endloop
  endfacet
  facet normal -0.831470 -0.555570 0.000000
    outer loop
      vertex 50.7778 12.1778 1.4000
      vertex 51.0163 11.8210 7.9000
      vertex 50.7778 12.1778 7.9000
    endloop
  endfacet
  facet normal 0.000000 0.000000 1.000000
    outer loop
      vertex 52.0325 12.2419 7.9000
      vertex 51.5556 12.9556 7.9000
      vertex 50.7778 12.1778 7.9000
    endloop
  endfacet
  facet normal 0.000000 0.000000 1.000000
    outer loop
      vertex 52.0325 12.2419 7.9000
      vertex 50.7778 12.1778 7.9000
      vertex 51.0163 11.8210 7.9000
    endloop
  endfacet
  facet normal 0.000000 -0.000000 -1.000000
    outer loop
      vertex 51.5556 12.9556 1.4000
      vertex 52.0325 12.2419 1.4000
      vertex 51.0163 11.8210 1.4000
    endloop
  endfacet
  facet normal 0.000000 0.000000 -1.000000
    outer loop
      vertex 51.5556 12.9556 1.4000
      vertex 51.0163 11.8210 1.4000
      vertex 50.7778 12.1778 1.4000
    endloop
  endfacet
  facet normal 0.555570 0.831470 0.000000
    outer loop
      vertex 51.5556 12.9556 1.4000
      vertex 50.8419 13.4325 1.4000
      vertex 50.8419 13.4325 7.9000
    endloop
  endfacet
  facet normal 0.555570 0.831470 -0.000000
    outer loop
      vertex 51.5556 12.9556 1.4000
      vertex 50.8419 13.4325 7.9000
      vertex 51.5556 12.9556 7.9000
    endloop
  endfacet
  facet normal -0.555570 -0.831470 0.000000
    outer loop
      vertex 50.4210 12.4163 1.4000
      vertex 50.7778 12.1778 1.4000
      vertex 50.7778 12.1778 7.9000
    endloop
  endfacet
  facet normal -0.555570 -0.831470 0.000000
    outer loop
      vertex 50.4210 12.4163 1.4000
      vertex 50.7778 12.1778 7.9000
      vertex 50.4210 12.4163 7.9000
    endloop
  endfacet
  facet normal 0.000000 0.000000 1.000000
    outer loop
      vertex 51.5556 12.9556 7.9000
      vertex 50.8419 13.4325 7.9000
      vertex 50.4210 12.4163 7.9000
    endloop
  endfacet
  facet normal 0.000000 0.000000 1.000000
    outer loop
      vertex 51.5556 12.9556 7.9000
      vertex 50.4210 12.4163 7.9000
      vertex 50.7778 12.1778 7.9000
    endloop
  endfacet
  facet normal 0.000000 -0.000000 -1.000000
    outer loop
      vertex 50.8419 13.4325 1.4000
      vertex 51.5556 12.9556 1.4000
      vertex 50.7778 12.1778 1.4000
    endloop
  endfacet
  facet normal 0.000000 0.000000 -1.000000
    outer loop
      vertex 50.8419 13.4325 1.4000
      vertex 50.7778 12.1778 1.4000
      vertex 50.4210 12.4163 1.4000
    endloop
  endfacet
  facet normal 0.195090 0.980785 0.000000
    outer loop
      vertex 50.8419 13.4325 1.4000
      vertex 50.0000 13.6000 1.4000
      vertex 50.0000 13.6000 7.9000
    endloop
  endfacet
  facet normal 0.195090 0.980785 -0.000000
    outer loop
      vertex 50.8419 13.4325 1.4000
      vertex 50.0000 13.6000 7.9000
      vertex 50.8419 13.4325 7.9000
    endloop
  endfacet
  facet normal -0.195090 -0.980785 0.000000
    outer loop
      vertex 50.0000 12.5000 1.4000
      vertex 50.4210 12.4163 1.4000
      vertex 50.4210 12.4163 7.9000
    endloop
  endfacet
  facet normal -0.195090 -0.980785 0.000000
    outer loop
      vertex 50.0000 12.5000 1.4000
      vertex 50.4210 12.4163 7.9000
      vertex 50.0000 12.5000 7.9000
    endloop
  endfacet
  facet normal 0.000000 0.000000 1.000000
    outer loop
      vertex 50.8419 13.4325 7.9000
      vertex 50.0000 13.6000 7.9000
      vertex 50.0000 12.5000 7.9000
    endloop
  endfacet
  facet normal 0.000000 0.000000 1.000000
    outer loop
      vertex 50.8419 13.4325 7.9000
      vertex 50.0000 12.5000 7.9000
      vertex 50.4210 12.4163 7.9000
    endloop
  endfacet
  facet normal 0.000000 0.000000 -1.000000
    outer loop
      vertex 50.0000 13.6000 1.4000
      vertex 50.8419 13.4325 1.4000
      vertex 50.4210 12.4163 1.4000
    endloop
  endfacet
  facet normal 0.000000 0.000000 -1.000000
    outer loop
      vertex 50.0000 13.6000 1.4000
      vertex 50.4210 12.4163 1.4000
      vertex 50.0000 12.5000 1.4000
    endloop
  endfacet
  facet normal -0.195090 0.980785 0.000000
    outer loop
      vertex 50.0000 13.6000 1.4000
      vertex 49.1581 13.4325 1.4000
      vertex 49.1581 13.4325 7.9000
    endloop
  endfacet
  facet normal -0.195090 0.980785 0.000000
    outer loop
      vertex 50.0000 13.6000 1.4000
      vertex 49.1581 13.4325 7.9000
      vertex 50.0000 13.6000 7.9000
    endloop
  endfacet
  facet normal 0.195090 -0.980785 0.000000
    outer loop
      vertex 49.5790 12.4163 1.4000
      vertex 50.0000 12.5000 1.4000
      vertex 50.0000 12.5000 7.9000
    endloop
  endfacet
  facet normal 0.195090 -0.980785 0.000000
    outer loop
      vertex 49.5790 12.4163 1.4000
      vertex 50.0000 12.5000 7.9000
      vertex 49.5790 12.4163 7.9000
    endloop
  endfacet
  facet normal 0.000000 0.000000 1.000000
    outer loop
      vertex 50.0000 13.6000 7.9000
      vertex 49.1581 13.4325 7.9000
      vertex 49.5790 12.4163 7.9000
    endloop
  endfacet
  facet normal 0.000000 0.000000 1.000000
    outer loop
      vertex 50.0000 13.6000 7.9000
      vertex 49.5790 12.4163 7.9000
      vertex 50.0000 12.5000 7.9000
    endloop
  endfacet
  facet normal 0.000000 0.000000 -1.000000
    outer loop
      vertex 49.1581 13.4325 1.4000
      vertex 50.0000 13.6000 1.4000
      vertex 50.0000 12.5000 1.4000
    endloop
  endfacet
  facet normal 0.000000 0.000000 -1.000000
    outer loop
      vertex 49.1581 13.4325 1.4000
      vertex 50.0000 12.5000 1.4000
      vertex 49.5790 12.4163 1.4000
    endloop
  endfacet
  facet normal -0.555570 0.831470 0.000000
    outer loop
      vertex 49.1581 13.4325 1.4000
      vertex 48.4444 12.9556 1.4000
      vertex 48.4444 12.9556 7.9000
    endloop
  endfacet
  facet normal -0.555570 0.831470 0.000000
    outer loop
      vertex 49.1581 13.4325 1.4000
      vertex 48.4444 12.9556 7.9000
      vertex 49.1581 13.4325 7.9000
    endloop
  endfacet
  facet normal 0.555570 -0.831470 0.000000
    outer loop
      vertex 49.2222 12.1778 1.4000
      vertex 49.5790 12.4163 1.4000
      vertex 49.5790 12.4163 7.9000
    endloop
  endfacet
  facet normal 0.555570 -0.831470 0.000000
    outer loop
      vertex 49.2222 12.1778 1.4000
      vertex 49.5790 12.4163 7.9000
      vertex 49.2222 12.1778 7.9000
    endloop
  endfacet
  facet normal 0.000000 0.000000 1.000000
    outer loop
      vertex 49.1581 13.4325 7.9000
      vertex 48.4444 12.9556 7.9000
      vertex 49.2222 12.1778 7.9000
    endloop
  endfacet
  facet normal 0.000000 0.000000 1.000000
    outer loop
      vertex 49.1581 13.4325 7.9000
      vertex 49.2222 12.1778 7.9000
      vertex 49.5790 12.4163 7.9000
    endloop
  endfacet
  facet normal 0.000000 0.000000 -1.000000
    outer loop
      vertex 48.4444 12.9556 1.4000
      vertex 49.1581 13.4325 1.4000
      vertex 49.5790 12.4163 1.4000
    endloop
  endfacet
  facet normal 0.000000 0.000000 -1.000000
    outer loop
      vertex 48.4444 12.9556 1.4000
      vertex 49.5790 12.4163 1.4000
      vertex 49.2222 12.1778 1.4000
    endloop
  endfacet
  facet normal -0.831470 0.555570 0.000000
    outer loop
      vertex 48.4444 12.9556 1.4000
      vertex 47.9675 12.2419 1.4000
      vertex 47.9675 12.2419 7.9000
    endloop
  endfacet
  facet normal -0.831470 0.555570 0.000000
    outer loop
      vertex 48.4444 12.9556 1.4000
      vertex 47.9675 12.2419 7.9000
      vertex 48.4444 12.9556 7.9000
    endloop
  endfacet
  facet normal 0.831470 -0.555570 0.000000
    outer loop
      vertex 48.9837 11.8210 1.4000
      vertex 49.2222 12.1778 1.4000
      vertex 49.2222 12.1778 7.9000
    endloop
  endfacet
  facet normal 0.831470 -0.555570 0.000000
    outer loop
      vertex 48.9837 11.8210 1.4000
      vertex 49.2222 12.1778 7.9000
      vertex 48.9837 11.8210 7.9000
    endloop
  endfacet
  facet normal 0.000000 0.000000 1.000000
    outer loop
      vertex 48.4444 12.9556 7.9000
      vertex 47.9675 12.2419 7.9000
      vertex 48.9837 11.8210 7.9000
    endloop
  endfacet
  facet normal 0.000000 0.000000 1.000000
    outer loop
      vertex 48.4444 12.9556 7.9000
      vertex 48.9837 11.8210 7.9000
      vertex 49.2222 12.1778 7.9000
    endloop
  endfacet
  facet normal 0.000000 0.000000 -1.000000
    outer loop
      vertex 47.9675 12.2419 1.4000
      vertex 48.4444 12.9556 1.4000
      vertex 49.2222 12.1778 1.4000
    endloop
  endfacet
  facet normal 0.000000 0.000000 -1.000000
    outer loop
      vertex 47.9675 12.2419 1.4000
      vertex 49.2222 12.1778 1.4000
      vertex 48.9837 11.8210 1.4000
    endloop
  endfacet
  facet normal -0.980785 0.195090 0.000000
    outer loop
      vertex 47.9675 12.2419 1.4000
      vertex 47.8000 11.4000 1.4000
      vertex 47.8000 11.4000 7.9000
    endloop
  endfacet
  facet normal -0.980785 0.195090 0.000000
    outer loop
      vertex 47.9675 12.2419 1.4000
      vertex 47.8000 11.4000 7.9000
      vertex 47.9675 12.2419 7.9000
    endloop
  endfacet
  facet normal 0.980785 -0.195090 0.000000
    outer loop
      vertex 48.9000 11.4000 1.4000
      vertex 48.9837 11.8210 1.4000
      vertex 48.9837 11.8210 7.9000
    endloop
  endfacet
  facet normal 0.980785 -0.195090 0.000000
    outer loop
      vertex 48.9000 11.4000 1.4000
      vertex 48.9837 11.8210 7.9000
      vertex 48.9000 11.4000 7.9000
    endloop
  endfacet
  facet normal 0.000000 0.000000 1.000000
    outer loop
      vertex 47.9675 12.2419 7.9000
      vertex 47.8000 11.4000 7.9000
      vertex 48.9000 11.4000 7.9000
    endloop
  endfacet
  facet normal 0.000000 0.000000 1.000000
    outer loop
      vertex 47.9675 12.2419 7.9000
      vertex 48.9000 11.4000 7.9000
      vertex 48.9837 11.8210 7.9000
    endloop
  endfacet
  facet normal 0.000000 0.000000 -1.000000
    outer loop
      vertex 47.8000 11.4000 1.4000
      vertex 47.9675 12.2419 1.4000
      vertex 48.9837 11.8210 1.4000
    endloop
  endfacet
  facet normal 0.000000 0.000000 -1.000000
    outer loop
      vertex 47.8000 11.4000 1.4000
      vertex 48.9837 11.8210 1.4000
      vertex 48.9000 11.4000 1.4000
    endloop
  endfacet
  facet normal -0.980785 -0.195090 0.000000
    outer loop
      vertex 47.8000 11.4000 1.4000
      vertex 47.9675 10.5581 1.4000
      vertex 47.9675 10.5581 7.9000
    endloop
  endfacet
  facet normal -0.980785 -0.195090 0.000000
    outer loop
      vertex 47.8000 11.4000 1.4000
      vertex 47.9675 10.5581 7.9000
      vertex 47.8000 11.4000 7.9000
    endloop
  endfacet
  facet normal 0.980785 0.195090 0.000000
    outer loop
      vertex 48.9837 10.9790 1.4000
      vertex 48.9000 11.4000 1.4000
      vertex 48.9000 11.4000 7.9000
    endloop
  endfacet
  facet normal 0.980785 0.195090 -0.000000
    outer loop
      vertex 48.9837 10.9790 1.4000
      vertex 48.9000 11.4000 7.9000
      vertex 48.9837 10.9790 7.9000
    endloop
  endfacet
  facet normal 0.000000 0.000000 1.000000
    outer loop
      vertex 47.8000 11.4000 7.9000
      vertex 47.9675 10.5581 7.9000
      vertex 48.9837 10.9790 7.9000
    endloop
  endfacet
  facet normal -0.000000 0.000000 1.000000
    outer loop
      vertex 47.8000 11.4000 7.9000
      vertex 48.9837 10.9790 7.9000
      vertex 48.9000 11.4000 7.9000
    endloop
  endfacet
  facet normal 0.000000 0.000000 -1.000000
    outer loop
      vertex 47.9675 10.5581 1.4000
      vertex 47.8000 11.4000 1.4000
      vertex 48.9000 11.4000 1.4000
    endloop
  endfacet
  facet normal 0.000000 0.000000 -1.000000
    outer loop
      vertex 47.9675 10.5581 1.4000
      vertex 48.9000 11.4000 1.4000
      vertex 48.9837 10.9790 1.4000
    endloop
  endfacet
  facet normal -0.831470 -0.555570 0.000000
    outer loop
      vertex 47.9675 10.5581 1.4000
      vertex 48.4444 9.8444 1.4000
      vertex 48.4444 9.8444 7.9000
    endloop
  endfacet
  facet normal -0.831470 -0.555570 0.000000
    outer loop
      vertex 47.9675 10.5581 1.4000
      vertex 48.4444 9.8444 7.9000
      vertex 47.9675 10.5581 7.9000
    endloop
  endfacet
  facet normal 0.831470 0.555570 0.000000
    outer loop
      vertex 49.2222 10.6222 1.4000
      vertex 48.9837 10.9790 1.4000
      vertex 48.9837 10.9790 7.9000
    endloop
  endfacet
  facet normal 0.831470 0.555570 -0.000000
    outer loop
      vertex 49.2222 10.6222 1.4000
      vertex 48.9837 10.9790 7.9000
      vertex 49.2222 10.6222 7.9000
    endloop
  endfacet
  facet normal -0.000000 0.000000 1.000000
    outer loop
      vertex 47.9675 10.5581 7.9000
      vertex 48.4444 9.8444 7.9000
      vertex 49.2222 10.6222 7.9000
    endloop
  endfacet
  facet normal 0.000000 0.000000 1.000000
    outer loop
      vertex 47.9675 10.5581 7.9000
      vertex 49.2222 10.6222 7.9000
      vertex 48.9837 10.9790 7.9000
    endloop
  endfacet
  facet normal 0.000000 0.000000 -1.000000
    outer loop
      vertex 48.4444 9.8444 1.4000
      vertex 47.9675 10.5581 1.4000
      vertex 48.9837 10.9790 1.4000
    endloop
  endfacet
  facet normal 0.000000 0.000000 -1.000000
    outer loop
      vertex 48.4444 9.8444 1.4000
      vertex 48.9837 10.9790 1.4000
      vertex 49.2222 10.6222 1.4000
    endloop
  endfacet
  facet normal -0.555570 -0.831470 0.000000
    outer loop
      vertex 48.4444 9.8444 1.4000
      vertex 49.1581 9.3675 1.4000
      vertex 49.1581 9.3675 7.9000
    endloop
  endfacet
  facet normal -0.555570 -0.831470 0.000000
    outer loop
      vertex 48.4444 9.8444 1.4000
      vertex 49.1581 9.3675 7.9000
      vertex 48.4444 9.8444 7.9000
    endloop
  endfacet
  facet normal 0.555570 0.831470 0.000000
    outer loop
      vertex 49.5790 10.3837 1.4000
      vertex 49.2222 10.6222 1.4000
      vertex 49.2222 10.6222 7.9000
    endloop
  endfacet
  facet normal 0.555570 0.831470 -0.000000
    outer loop
      vertex 49.5790 10.3837 1.4000
      vertex 49.2222 10.6222 7.9000
      vertex 49.5790 10.3837 7.9000
    endloop
  endfacet
  facet normal -0.000000 0.000000 1.000000
    outer loop
      vertex 48.4444 9.8444 7.9000
      vertex 49.1581 9.3675 7.9000
      vertex 49.5790 10.3837 7.9000
    endloop
  endfacet
  facet normal 0.000000 0.000000 1.000000
    outer loop
      vertex 48.4444 9.8444 7.9000
      vertex 49.5790 10.3837 7.9000
      vertex 49.2222 10.6222 7.9000
    endloop
  endfacet
  facet normal 0.000000 0.000000 -1.000000
    outer loop
      vertex 49.1581 9.3675 1.4000
      vertex 48.4444 9.8444 1.4000
      vertex 49.2222 10.6222 1.4000
    endloop
  endfacet
  facet normal 0.000000 0.000000 -1.000000
    outer loop
      vertex 49.1581 9.3675 1.4000
      vertex 49.2222 10.6222 1.4000
      vertex 49.5790 10.3837 1.4000
    endloop
  endfacet
  facet normal -0.195090 -0.980785 0.000000
    outer loop
      vertex 49.1581 9.3675 1.4000
      vertex 50.0000 9.2000 1.4000
      vertex 50.0000 9.2000 7.9000
    endloop
  endfacet
  facet normal -0.195090 -0.980785 0.000000
    outer loop
      vertex 49.1581 9.3675 1.4000
      vertex 50.0000 9.2000 7.9000
      vertex 49.1581 9.3675 7.9000
    endloop
  endfacet
  facet normal 0.195090 0.980785 0.000000
    outer loop
      vertex 50.0000 10.3000 1.4000
      vertex 49.5790 10.3837 1.4000
      vertex 49.5790 10.3837 7.9000
    endloop
  endfacet
  facet normal 0.195090 0.980785 -0.000000
    outer loop
      vertex 50.0000 10.3000 1.4000
      vertex 49.5790 10.3837 7.9000
      vertex 50.0000 10.3000 7.9000
    endloop
  endfacet
  facet normal -0.000000 0.000000 1.000000
    outer loop
      vertex 49.1581 9.3675 7.9000
      vertex 50.0000 9.2000 7.9000
      vertex 50.0000 10.3000 7.9000
    endloop
  endfacet
  facet normal 0.000000 0.000000 1.000000
    outer loop
      vertex 49.1581 9.3675 7.9000
      vertex 50.0000 10.3000 7.9000
      vertex 49.5790 10.3837 7.9000
    endloop
  endfacet
  facet normal 0.000000 0.000000 -1.000000
    outer loop
      vertex 50.0000 9.2000 1.4000
      vertex 49.1581 9.3675 1.4000
      vertex 49.5790 10.3837 1.4000
    endloop
  endfacet
  facet normal 0.000000 0.000000 -1.000000
    outer loop
      vertex 50.0000 9.2000 1.4000
      vertex 49.5790 10.3837 1.4000
      vertex 50.0000 10.3000 1.4000
    endloop
  endfacet
  facet normal 0.195090 -0.980785 0.000000
    outer loop
      vertex 50.0000 9.2000 1.4000
      vertex 50.8419 9.3675 1.4000
      vertex 50.8419 9.3675 7.9000
    endloop
  endfacet
  facet normal 0.195090 -0.980785 0.000000
    outer loop
      vertex 50.0000 9.2000 1.4000
      vertex 50.8419 9.3675 7.9000
      vertex 50.0000 9.2000 7.9000
    endloop
  endfacet
  facet normal -0.195090 0.980785 0.000000
    outer loop
      vertex 50.4210 10.3837 1.4000
      vertex 50.0000 10.3000 1.4000
      vertex 50.0000 10.3000 7.9000
    endloop
  endfacet
  facet normal -0.195090 0.980785 0.000000
    outer loop
      vertex 50.4210 10.3837 1.4000
      vertex 50.0000 10.3000 7.9000
      vertex 50.4210 10.3837 7.9000
    endloop
  endfacet
  facet normal 0.000000 0.000000 1.000000
    outer loop
      vertex 50.0000 9.2000 7.9000
      vertex 50.8419 9.3675 7.9000
      vertex 50.4210 10.3837 7.9000
    endloop
  endfacet
  facet normal 0.000000 0.000000 1.000000
    outer loop
      vertex 50.0000 9.2000 7.9000
      vertex 50.4210 10.3837 7.9000
      vertex 50.0000 10.3000 7.9000
    endloop
  endfacet
  facet normal -0.000000 0.000000 -1.000000
    outer loop
      vertex 50.8419 9.3675 1.4000
      vertex 50.0000 9.2000 1.4000
      vertex 50.0000 10.3000 1.4000
    endloop
  endfacet
  facet normal 0.000000 0.000000 -1.000000
    outer loop
      vertex 50.8419 9.3675 1.4000
      vertex 50.0000 10.3000 1.4000
      vertex 50.4210 10.3837 1.4000
    endloop
  endfacet
  facet normal 0.555570 -0.831470 0.000000
    outer loop
      vertex 50.8419 9.3675 1.4000
      vertex 51.5556 9.8444 1.4000
      vertex 51.5556 9.8444 7.9000
    endloop
  endfacet
  facet normal 0.555570 -0.831470 0.000000
    outer loop
      vertex 50.8419 9.3675 1.4000
      vertex 51.5556 9.8444 7.9000
      vertex 50.8419 9.3675 7.9000
    endloop
  endfacet
  facet normal -0.555570 0.831470 0.000000
    outer loop
      vertex 50.7778 10.6222 1.4000
      vertex 50.4210 10.3837 1.4000
      vertex 50.4210 10.3837 7.9000
    endloop
  endfacet
  facet normal -0.555570 0.831470 0.000000
    outer loop
      vertex 50.7778 10.6222 1.4000
      vertex 50.4210 10.3837 7.9000
      vertex 50.7778 10.6222 7.9000
    endloop
  endfacet
  facet normal 0.000000 -0.000000 1.000000
    outer loop
      vertex 50.8419 9.3675 7.9000
      vertex 51.5556 9.8444 7.9000
      vertex 50.7778 10.6222 7.9000
    endloop
  endfacet
  facet normal 0.000000 0.000000 1.000000
    outer loop
      vertex 50.8419 9.3675 7.9000
      vertex 50.7778 10.6222 7.9000
      vertex 50.4210 10.3837 7.9000
    endloop
  endfacet
  facet normal -0.000000 0.000000 -1.000000
    outer loop
      vertex 51.5556 9.8444 1.4000
      vertex 50.8419 9.3675 1.4000
      vertex 50.4210 10.3837 1.4000
    endloop
  endfacet
  facet normal 0.000000 0.000000 -1.000000
    outer loop
      vertex 51.5556 9.8444 1.4000
      vertex 50.4210 10.3837 1.4000
      vertex 50.7778 10.6222 1.4000
    endloop
  endfacet
  facet normal 0.831470 -0.555570 0.000000
    outer loop
      vertex 51.5556 9.8444 1.4000
      vertex 52.0325 10.5581 1.4000
      vertex 52.0325 10.5581 7.9000
    endloop
  endfacet
  facet normal 0.831470 -0.555570 0.000000
    outer loop
      vertex 51.5556 9.8444 1.4000
      vertex 52.0325 10.5581 7.9000
      vertex 51.5556 9.8444 7.9000
    endloop
  endfacet
  facet normal -0.831470 0.555570 0.000000
    outer loop
      vertex 51.0163 10.9790 1.4000
      vertex 50.7778 10.6222 1.4000
      vertex 50.7778 10.6222 7.9000
    endloop
  endfacet
  facet normal -0.831470 0.555570 0.000000
    outer loop
      vertex 51.0163 10.9790 1.4000
      vertex 50.7778 10.6222 7.9000
      vertex 51.0163 10.9790 7.9000
    endloop
  endfacet
  facet normal 0.000000 -0.000000 1.000000
    outer loop
      vertex 51.5556 9.8444 7.9000
      vertex 52.0325 10.5581 7.9000
      vertex 51.0163 10.9790 7.9000
    endloop
  endfacet
  facet normal 0.000000 0.000000 1.000000
    outer loop
      vertex 51.5556 9.8444 7.9000
      vertex 51.0163 10.9790 7.9000
      vertex 50.7778 10.6222 7.9000
    endloop
  endfacet
  facet normal -0.000000 0.000000 -1.000000
    outer loop
      vertex 52.0325 10.5581 1.4000
      vertex 51.5556 9.8444 1.4000
      vertex 50.7778 10.6222 1.4000
    endloop
  endfacet
  facet normal 0.000000 0.000000 -1.000000
    outer loop
      vertex 52.0325 10.5581 1.4000
      vertex 50.7778 10.6222 1.4000
      vertex 51.0163 10.9790 1.4000
    endloop
  endfacet
  facet normal 0.980785 -0.195090 0.000000
    outer loop
      vertex 52.0325 10.5581 1.4000
      vertex 52.2000 11.4000 1.4000
      vertex 52.2000 11.4000 7.9000
    endloop
  endfacet
  facet normal 0.980785 -0.195090 0.000000
    outer loop
      vertex 52.0325 10.5581 1.4000
      vertex 52.2000 11.4000 7.9000
      vertex 52.0325 10.5581 7.9000
    endloop
  endfacet
  facet normal -0.980785 0.195090 0.000000
    outer loop
      vertex 51.1000 11.4000 1.4000
      vertex 51.0163 10.9790 1.4000
      vertex 51.0163 10.9790 7.9000
    endloop
  endfacet
  facet normal -0.980785 0.195090 0.000000
    outer loop
      vertex 51.1000 11.4000 1.4000
      vertex 51.0163 10.9790 7.9000
      vertex 51.1000 11.4000 7.9000
    endloop
  endfacet
  facet normal 0.000000 -0.000000 1.000000
    outer loop
      vertex 52.0325 10.5581 7.9000
      vertex 52.2000 11.4000 7.9000
      vertex 51.1000 11.4000 7.9000
    endloop
  endfacet
  facet normal 0.000000 0.000000 1.000000
    outer loop
      vertex 52.0325 10.5581 7.9000
      vertex 51.1000 11.4000 7.9000
      vertex 51.0163 10.9790 7.9000
    endloop
  endfacet
  facet normal 0.000000 0.000000 -1.000000
    outer loop
      vertex 52.2000 11.4000 1.4000
      vertex 52.0325 10.5581 1.4000
      vertex 51.0163 10.9790 1.4000
    endloop
  endfacet
  facet normal -0.000000 0.000000 -1.000000
    outer loop
      vertex 52.2000 11.4000 1.4000
      vertex 51.0163 10.9790 1.4000
      vertex 51.1000 11.4000 1.4000
    endloop
  endfacet
  facet normal 0.980785 0.195090 0.000000
    outer loop
      vertex 10.2000 51.4000 1.4000
      vertex 10.0325 52.2419 1.4000
      vertex 10.0325 52.2419 7.9000
    endloop
  endfacet
  facet normal 0.980785 0.195090 -0.000000
    outer loop
      vertex 10.2000 51.4000 1.4000
      vertex 10.0325 52.2419 7.9000
      vertex 10.2000 51.4000 7.9000
    endloop
  endfacet
  facet normal -0.980785 -0.195090 0.000000
    outer loop
      vertex 9.0163 51.8210 1.4000
      vertex 9.1000 51.4000 1.4000
      vertex 9.1000 51.4000 7.9000
    endloop
  endfacet
  facet normal -0.980785 -0.195090 0.000000
    outer loop
      vertex 9.0163 51.8210 1.4000
      vertex 9.1000 51.4000 7.9000
      vertex 9.0163 51.8210 7.9000
    endloop
  endfacet
  facet normal 0.000000 0.000000 1.000000
    outer loop
      vertex 10.2000 51.4000 7.9000
      vertex 10.0325 52.2419 7.9000
      vertex 9.0163 51.8210 7.9000
    endloop
  endfacet
  facet normal 0.000000 0.000000 1.000000
    outer loop
      vertex 10.2000 51.4000 7.9000
      vertex 9.0163 51.8210 7.9000
      vertex 9.1000 51.4000 7.9000
    endloop
  endfacet
  facet normal 0.000000 -0.000000 -1.000000
    outer loop
      vertex 10.0325 52.2419 1.4000
      vertex 10.2000 51.4000 1.4000
      vertex 9.1000 51.4000 1.4000
    endloop
  endfacet
  facet normal 0.000000 0.000000 -1.000000
    outer loop
      vertex 10.0325 52.2419 1.4000
      vertex 9.1000 51.4000 1.4000
      vertex 9.0163 51.8210 1.4000
    endloop
  endfacet
  facet normal 0.831470 0.555570 0.000000
    outer loop
      vertex 10.0325 52.2419 1.4000
      vertex 9.5556 52.9556 1.4000
      vertex 9.5556 52.9556 7.9000
    endloop
  endfacet
  facet normal 0.831470 0.555570 -0.000000
    outer loop
      vertex 10.0325 52.2419 1.4000
      vertex 9.5556 52.9556 7.9000
      vertex 10.0325 52.2419 7.9000
    endloop
  endfacet
  facet normal -0.831470 -0.555570 0.000000
    outer loop
      vertex 8.7778 52.1778 1.4000
      vertex 9.0163 51.8210 1.4000
      vertex 9.0163 51.8210 7.9000
    endloop
  endfacet
  facet normal -0.831470 -0.555570 0.000000
    outer loop
      vertex 8.7778 52.1778 1.4000
      vertex 9.0163 51.8210 7.9000
      vertex 8.7778 52.1778 7.9000
    endloop
  endfacet
  facet normal 0.000000 0.000000 1.000000
    outer loop
      vertex 10.0325 52.2419 7.9000
      vertex 9.5556 52.9556 7.9000
      vertex 8.7778 52.1778 7.9000
    endloop
  endfacet
  facet normal 0.000000 0.000000 1.000000
    outer loop
      vertex 10.0325 52.2419 7.9000
      vertex 8.7778 52.1778 7.9000
      vertex 9.0163 51.8210 7.9000
    endloop
  endfacet
  facet normal 0.000000 -0.000000 -1.000000
    outer loop
      vertex 9.5556 52.9556 1.4000
      vertex 10.0325 52.2419 1.4000
      vertex 9.0163 51.8210 1.4000
    endloop
  endfacet
  facet normal 0.000000 0.000000 -1.000000
    outer loop
      vertex 9.5556 52.9556 1.4000
      vertex 9.0163 51.8210 1.4000
      vertex 8.7778 52.1778 1.4000
    endloop
  endfacet
  facet normal 0.555570 0.831470 0.000000
    outer loop
      vertex 9.5556 52.9556 1.4000
      vertex 8.8419 53.4325 1.4000
      vertex 8.8419 53.4325 7.9000
    endloop
  endfacet
  facet normal 0.555570 0.831470 -0.000000
    outer loop
      vertex 9.5556 52.9556 1.4000
      vertex 8.8419 53.4325 7.9000
      vertex 9.5556 52.9556 7.9000
    endloop
  endfacet
  facet normal -0.555570 -0.831470 0.000000
    outer loop
      vertex 8.4210 52.4163 1.4000
      vertex 8.7778 52.1778 1.4000
      vertex 8.7778 52.1778 7.9000
    endloop
  endfacet
  facet normal -0.555570 -0.831470 0.000000
    outer loop
      vertex 8.4210 52.4163 1.4000
      vertex 8.7778 52.1778 7.9000
      vertex 8.4210 52.4163 7.9000
    endloop
  endfacet
  facet normal 0.000000 0.000000 1.000000
    outer loop
      vertex 9.5556 52.9556 7.9000
      vertex 8.8419 53.4325 7.9000
      vertex 8.4210 52.4163 7.9000
    endloop
  endfacet
  facet normal 0.000000 0.000000 1.000000
    outer loop
      vertex 9.5556 52.9556 7.9000
      vertex 8.4210 52.4163 7.9000
      vertex 8.7778 52.1778 7.9000
    endloop
  endfacet
  facet normal 0.000000 -0.000000 -1.000000
    outer loop
      vertex 8.8419 53.4325 1.4000
      vertex 9.5556 52.9556 1.4000
      vertex 8.7778 52.1778 1.4000
    endloop
  endfacet
  facet normal 0.000000 0.000000 -1.000000
    outer loop
      vertex 8.8419 53.4325 1.4000
      vertex 8.7778 52.1778 1.4000
      vertex 8.4210 52.4163 1.4000
    endloop
  endfacet
  facet normal 0.195090 0.980785 0.000000
    outer loop
      vertex 8.8419 53.4325 1.4000
      vertex 8.0000 53.6000 1.4000
      vertex 8.0000 53.6000 7.9000
    endloop
  endfacet
  facet normal 0.195090 0.980785 -0.000000
    outer loop
      vertex 8.8419 53.4325 1.4000
      vertex 8.0000 53.6000 7.9000
      vertex 8.8419 53.4325 7.9000
    endloop
  endfacet
  facet normal -0.195090 -0.980785 0.000000
    outer loop
      vertex 8.0000 52.5000 1.4000
      vertex 8.4210 52.4163 1.4000
      vertex 8.4210 52.4163 7.9000
    endloop
  endfacet
  facet normal -0.195090 -0.980785 0.000000
    outer loop
      vertex 8.0000 52.5000 1.4000
      vertex 8.4210 52.4163 7.9000
      vertex 8.0000 52.5000 7.9000
    endloop
  endfacet
  facet normal 0.000000 0.000000 1.000000
    outer loop
      vertex 8.8419 53.4325 7.9000
      vertex 8.0000 53.6000 7.9000
      vertex 8.0000 52.5000 7.9000
    endloop
  endfacet
  facet normal 0.000000 0.000000 1.000000
    outer loop
      vertex 8.8419 53.4325 7.9000
      vertex 8.0000 52.5000 7.9000
      vertex 8.4210 52.4163 7.9000
    endloop
  endfacet
  facet normal 0.000000 0.000000 -1.000000
    outer loop
      vertex 8.0000 53.6000 1.4000
      vertex 8.8419 53.4325 1.4000
      vertex 8.4210 52.4163 1.4000
    endloop
  endfacet
  facet normal 0.000000 0.000000 -1.000000
    outer loop
      vertex 8.0000 53.6000 1.4000
      vertex 8.4210 52.4163 1.4000
      vertex 8.0000 52.5000 1.4000
    endloop
  endfacet
  facet normal -0.195090 0.980785 0.000000
    outer loop
      vertex 8.0000 53.6000 1.4000
      vertex 7.1581 53.4325 1.4000
      vertex 7.1581 53.4325 7.9000
    endloop
  endfacet
  facet normal -0.195090 0.980785 0.000000
    outer loop
      vertex 8.0000 53.6000 1.4000
      vertex 7.1581 53.4325 7.9000
      vertex 8.0000 53.6000 7.9000
    endloop
  endfacet
  facet normal 0.195090 -0.980785 0.000000
    outer loop
      vertex 7.5790 52.4163 1.4000
      vertex 8.0000 52.5000 1.4000
      vertex 8.0000 52.5000 7.9000
    endloop
  endfacet
  facet normal 0.195090 -0.980785 0.000000
    outer loop
      vertex 7.5790 52.4163 1.4000
      vertex 8.0000 52.5000 7.9000
      vertex 7.5790 52.4163 7.9000
    endloop
  endfacet
  facet normal 0.000000 0.000000 1.000000
    outer loop
      vertex 8.0000 53.6000 7.9000
      vertex 7.1581 53.4325 7.9000
      vertex 7.5790 52.4163 7.9000
    endloop
  endfacet
  facet normal 0.000000 0.000000 1.000000
    outer loop
      vertex 8.0000 53.6000 7.9000
      vertex 7.5790 52.4163 7.9000
      vertex 8.0000 52.5000 7.9000
    endloop
  endfacet
  facet normal 0.000000 0.000000 -1.000000
    outer loop
      vertex 7.1581 53.4325 1.4000
      vertex 8.0000 53.6000 1.4000
      vertex 8.0000 52.5000 1.4000
    endloop
  endfacet
  facet normal 0.000000 0.000000 -1.000000
    outer loop
      vertex 7.1581 53.4325 1.4000
      vertex 8.0000 52.5000 1.4000
      vertex 7.5790 52.4163 1.4000
    endloop
  endfacet
  facet normal -0.555570 0.831470 0.000000
    outer loop
      vertex 7.1581 53.4325 1.4000
      vertex 6.4444 52.9556 1.4000
      vertex 6.4444 52.9556 7.9000
    endloop
  endfacet
  facet normal -0.555570 0.831470 0.000000
    outer loop
      vertex 7.1581 53.4325 1.4000
      vertex 6.4444 52.9556 7.9000
      vertex 7.1581 53.4325 7.9000
    endloop
  endfacet
  facet normal 0.555570 -0.831470 0.000000
    outer loop
      vertex 7.2222 52.1778 1.4000
      vertex 7.5790 52.4163 1.4000
      vertex 7.5790 52.4163 7.9000
    endloop
  endfacet
  facet normal 0.555570 -0.831470 0.000000
    outer loop
      vertex 7.2222 52.1778 1.4000
      vertex 7.5790 52.4163 7.9000
      vertex 7.2222 52.1778 7.9000
    endloop
  endfacet
  facet normal 0.000000 0.000000 1.000000
    outer loop
      vertex 7.1581 53.4325 7.9000
      vertex 6.4444 52.9556 7.9000
      vertex 7.2222 52.1778 7.9000
    endloop
  endfacet
  facet normal 0.000000 0.000000 1.000000
    outer loop
      vertex 7.1581 53.4325 7.9000
      vertex 7.2222 52.1778 7.9000
      vertex 7.5790 52.4163 7.9000
    endloop
  endfacet
  facet normal 0.000000 0.000000 -1.000000
    outer loop
      vertex 6.4444 52.9556 1.4000
      vertex 7.1581 53.4325 1.4000
      vertex 7.5790 52.4163 1.4000
    endloop
  endfacet
  facet normal 0.000000 0.000000 -1.000000
    outer loop
      vertex 6.4444 52.9556 1.4000
      vertex 7.5790 52.4163 1.4000
      vertex 7.2222 52.1778 1.4000
    endloop
  endfacet
  facet normal -0.831470 0.555570 0.000000
    outer loop
      vertex 6.4444 52.9556 1.4000
      vertex 5.9675 52.2419 1.4000
      vertex 5.9675 52.2419 7.9000
    endloop
  endfacet
  facet normal -0.831470 0.555570 0.000000
    outer loop
      vertex 6.4444 52.9556 1.4000
      vertex 5.9675 52.2419 7.9000
      vertex 6.4444 52.9556 7.9000
    endloop
  endfacet
  facet normal 0.831470 -0.555570 0.000000
    outer loop
      vertex 6.9837 51.8210 1.4000
      vertex 7.2222 52.1778 1.4000
      vertex 7.2222 52.1778 7.9000
    endloop
  endfacet
  facet normal 0.831470 -0.555570 0.000000
    outer loop
      vertex 6.9837 51.8210 1.4000
      vertex 7.2222 52.1778 7.9000
      vertex 6.9837 51.8210 7.9000
    endloop
  endfacet
  facet normal 0.000000 0.000000 1.000000
    outer loop
      vertex 6.4444 52.9556 7.9000
      vertex 5.9675 52.2419 7.9000
      vertex 6.9837 51.8210 7.9000
    endloop
  endfacet
  facet normal 0.000000 0.000000 1.000000
    outer loop
      vertex 6.4444 52.9556 7.9000
      vertex 6.9837 51.8210 7.9000
      vertex 7.2222 52.1778 7.9000
    endloop
  endfacet
  facet normal 0.000000 0.000000 -1.000000
    outer loop
      vertex 5.9675 52.2419 1.4000
      vertex 6.4444 52.9556 1.4000
      vertex 7.2222 52.1778 1.4000
    endloop
  endfacet
  facet normal 0.000000 0.000000 -1.000000
    outer loop
      vertex 5.9675 52.2419 1.4000
      vertex 7.2222 52.1778 1.4000
      vertex 6.9837 51.8210 1.4000
    endloop
  endfacet
  facet normal -0.980785 0.195090 0.000000
    outer loop
      vertex 5.9675 52.2419 1.4000
      vertex 5.8000 51.4000 1.4000
      vertex 5.8000 51.4000 7.9000
    endloop
  endfacet
  facet normal -0.980785 0.195090 0.000000
    outer loop
      vertex 5.9675 52.2419 1.4000
      vertex 5.8000 51.4000 7.9000
      vertex 5.9675 52.2419 7.9000
    endloop
  endfacet
  facet normal 0.980785 -0.195090 0.000000
    outer loop
      vertex 6.9000 51.4000 1.4000
      vertex 6.9837 51.8210 1.4000
      vertex 6.9837 51.8210 7.9000
    endloop
  endfacet
  facet normal 0.980785 -0.195090 0.000000
    outer loop
      vertex 6.9000 51.4000 1.4000
      vertex 6.9837 51.8210 7.9000
      vertex 6.9000 51.4000 7.9000
    endloop
  endfacet
  facet normal 0.000000 0.000000 1.000000
    outer loop
      vertex 5.9675 52.2419 7.9000
      vertex 5.8000 51.4000 7.9000
      vertex 6.9000 51.4000 7.9000
    endloop
  endfacet
  facet normal 0.000000 0.000000 1.000000
    outer loop
      vertex 5.9675 52.2419 7.9000
      vertex 6.9000 51.4000 7.9000
      vertex 6.9837 51.8210 7.9000
    endloop
  endfacet
  facet normal 0.000000 0.000000 -1.000000
    outer loop
      vertex 5.8000 51.4000 1.4000
      vertex 5.9675 52.2419 1.4000
      vertex 6.9837 51.8210 1.4000
    endloop
  endfacet
  facet normal 0.000000 0.000000 -1.000000
    outer loop
      vertex 5.8000 51.4000 1.4000
      vertex 6.9837 51.8210 1.4000
      vertex 6.9000 51.4000 1.4000
    endloop
  endfacet
  facet normal -0.980785 -0.195090 0.000000
    outer loop
      vertex 5.8000 51.4000 1.4000
      vertex 5.9675 50.5581 1.4000
      vertex 5.9675 50.5581 7.9000
    endloop
  endfacet
  facet normal -0.980785 -0.195090 0.000000
    outer loop
      vertex 5.8000 51.4000 1.4000
      vertex 5.9675 50.5581 7.9000
      vertex 5.8000 51.4000 7.9000
    endloop
  endfacet
  facet normal 0.980785 0.195090 0.000000
    outer loop
      vertex 6.9837 50.9790 1.4000
      vertex 6.9000 51.4000 1.4000
      vertex 6.9000 51.4000 7.9000
    endloop
  endfacet
  facet normal 0.980785 0.195090 -0.000000
    outer loop
      vertex 6.9837 50.9790 1.4000
      vertex 6.9000 51.4000 7.9000
      vertex 6.9837 50.9790 7.9000
    endloop
  endfacet
  facet normal 0.000000 0.000000 1.000000
    outer loop
      vertex 5.8000 51.4000 7.9000
      vertex 5.9675 50.5581 7.9000
      vertex 6.9837 50.9790 7.9000
    endloop
  endfacet
  facet normal -0.000000 0.000000 1.000000
    outer loop
      vertex 5.8000 51.4000 7.9000
      vertex 6.9837 50.9790 7.9000
      vertex 6.9000 51.4000 7.9000
    endloop
  endfacet
  facet normal 0.000000 0.000000 -1.000000
    outer loop
      vertex 5.9675 50.5581 1.4000
      vertex 5.8000 51.4000 1.4000
      vertex 6.9000 51.4000 1.4000
    endloop
  endfacet
  facet normal 0.000000 0.000000 -1.000000
    outer loop
      vertex 5.9675 50.5581 1.4000
      vertex 6.9000 51.4000 1.4000
      vertex 6.9837 50.9790 1.4000
    endloop
  endfacet
  facet normal -0.831470 -0.555570 0.000000
    outer loop
      vertex 5.9675 50.5581 1.4000
      vertex 6.4444 49.8444 1.4000
      vertex 6.4444 49.8444 7.9000
    endloop
  endfacet
  facet normal -0.831470 -0.555570 0.000000
    outer loop
      vertex 5.9675 50.5581 1.4000
      vertex 6.4444 49.8444 7.9000
      vertex 5.9675 50.5581 7.9000
    endloop
  endfacet
  facet normal 0.831470 0.555570 0.000000
    outer loop
      vertex 7.2222 50.6222 1.4000
      vertex 6.9837 50.9790 1.4000
      vertex 6.9837 50.9790 7.9000
    endloop
  endfacet
  facet normal 0.831470 0.555570 -0.000000
    outer loop
      vertex 7.2222 50.6222 1.4000
      vertex 6.9837 50.9790 7.9000
      vertex 7.2222 50.6222 7.9000
    endloop
  endfacet
  facet normal -0.000000 0.000000 1.000000
    outer loop
      vertex 5.9675 50.5581 7.9000
      vertex 6.4444 49.8444 7.9000
      vertex 7.2222 50.6222 7.9000
    endloop
  endfacet
  facet normal 0.000000 0.000000 1.000000
    outer loop
      vertex 5.9675 50.5581 7.9000
      vertex 7.2222 50.6222 7.9000
      vertex 6.9837 50.9790 7.9000
    endloop
  endfacet
  facet normal 0.000000 0.000000 -1.000000
    outer loop
      vertex 6.4444 49.8444 1.4000
      vertex 5.9675 50.5581 1.4000
      vertex 6.9837 50.9790 1.4000
    endloop
  endfacet
  facet normal 0.000000 0.000000 -1.000000
    outer loop
      vertex 6.4444 49.8444 1.4000
      vertex 6.9837 50.9790 1.4000
      vertex 7.2222 50.6222 1.4000
    endloop
  endfacet
  facet normal -0.555570 -0.831470 0.000000
    outer loop
      vertex 6.4444 49.8444 1.4000
      vertex 7.1581 49.3675 1.4000
      vertex 7.1581 49.3675 7.9000
    endloop
  endfacet
  facet normal -0.555570 -0.831470 0.000000
    outer loop
      vertex 6.4444 49.8444 1.4000
      vertex 7.1581 49.3675 7.9000
      vertex 6.4444 49.8444 7.9000
    endloop
  endfacet
  facet normal 0.555570 0.831470 0.000000
    outer loop
      vertex 7.5790 50.3837 1.4000
      vertex 7.2222 50.6222 1.4000
      vertex 7.2222 50.6222 7.9000
    endloop
  endfacet
  facet normal 0.555570 0.831470 -0.000000
    outer loop
      vertex 7.5790 50.3837 1.4000
      vertex 7.2222 50.6222 7.9000
      vertex 7.5790 50.3837 7.9000
    endloop
  endfacet
  facet normal -0.000000 0.000000 1.000000
    outer loop
      vertex 6.4444 49.8444 7.9000
      vertex 7.1581 49.3675 7.9000
      vertex 7.5790 50.3837 7.9000
    endloop
  endfacet
  facet normal 0.000000 0.000000 1.000000
    outer loop
      vertex 6.4444 49.8444 7.9000
      vertex 7.5790 50.3837 7.9000
      vertex 7.2222 50.6222 7.9000
    endloop
  endfacet
  facet normal 0.000000 0.000000 -1.000000
    outer loop
      vertex 7.1581 49.3675 1.4000
      vertex 6.4444 49.8444 1.4000
      vertex 7.2222 50.6222 1.4000
    endloop
  endfacet
  facet normal 0.000000 0.000000 -1.000000
    outer loop
      vertex 7.1581 49.3675 1.4000
      vertex 7.2222 50.6222 1.4000
      vertex 7.5790 50.3837 1.4000
    endloop
  endfacet
  facet normal -0.195090 -0.980785 0.000000
    outer loop
      vertex 7.1581 49.3675 1.4000
      vertex 8.0000 49.2000 1.4000
      vertex 8.0000 49.2000 7.9000
    endloop
  endfacet
  facet normal -0.195090 -0.980785 0.000000
    outer loop
      vertex 7.1581 49.3675 1.4000
      vertex 8.0000 49.2000 7.9000
      vertex 7.1581 49.3675 7.9000
    endloop
  endfacet
  facet normal 0.195090 0.980785 0.000000
    outer loop
      vertex 8.0000 50.3000 1.4000
      vertex 7.5790 50.3837 1.4000
      vertex 7.5790 50.3837 7.9000
    endloop
  endfacet
  facet normal 0.195090 0.980785 -0.000000
    outer loop
      vertex 8.0000 50.3000 1.4000
      vertex 7.5790 50.3837 7.9000
      vertex 8.0000 50.3000 7.9000
    endloop
  endfacet
  facet normal -0.000000 0.000000 1.000000
    outer loop
      vertex 7.1581 49.3675 7.9000
      vertex 8.0000 49.2000 7.9000
      vertex 8.0000 50.3000 7.9000
    endloop
  endfacet
  facet normal 0.000000 0.000000 1.000000
    outer loop
      vertex 7.1581 49.3675 7.9000
      vertex 8.0000 50.3000 7.9000
      vertex 7.5790 50.3837 7.9000
    endloop
  endfacet
  facet normal 0.000000 0.000000 -1.000000
    outer loop
      vertex 8.0000 49.2000 1.4000
      vertex 7.1581 49.3675 1.4000
      vertex 7.5790 50.3837 1.4000
    endloop
  endfacet
  facet normal 0.000000 0.000000 -1.000000
    outer loop
      vertex 8.0000 49.2000 1.4000
      vertex 7.5790 50.3837 1.4000
      vertex 8.0000 50.3000 1.4000
    endloop
  endfacet
  facet normal 0.195090 -0.980785 0.000000
    outer loop
      vertex 8.0000 49.2000 1.4000
      vertex 8.8419 49.3675 1.4000
      vertex 8.8419 49.3675 7.9000
    endloop
  endfacet
  facet normal 0.195090 -0.980785 0.000000
    outer loop
      vertex 8.0000 49.2000 1.4000
      vertex 8.8419 49.3675 7.9000
      vertex 8.0000 49.2000 7.9000
    endloop
  endfacet
  facet normal -0.195090 0.980785 0.000000
    outer loop
      vertex 8.4210 50.3837 1.4000
      vertex 8.0000 50.3000 1.4000
      vertex 8.0000 50.3000 7.9000
    endloop
  endfacet
  facet normal -0.195090 0.980785 0.000000
    outer loop
      vertex 8.4210 50.3837 1.4000
      vertex 8.0000 50.3000 7.9000
      vertex 8.4210 50.3837 7.9000
    endloop
  endfacet
  facet normal 0.000000 0.000000 1.000000
    outer loop
      vertex 8.0000 49.2000 7.9000
      vertex 8.8419 49.3675 7.9000
      vertex 8.4210 50.3837 7.9000
    endloop
  endfacet
  facet normal 0.000000 0.000000 1.000000
    outer loop
      vertex 8.0000 49.2000 7.9000
      vertex 8.4210 50.3837 7.9000
      vertex 8.0000 50.3000 7.9000
    endloop
  endfacet
  facet normal -0.000000 0.000000 -1.000000
    outer loop
      vertex 8.8419 49.3675 1.4000
      vertex 8.0000 49.2000 1.4000
      vertex 8.0000 50.3000 1.4000
    endloop
  endfacet
  facet normal 0.000000 0.000000 -1.000000
    outer loop
      vertex 8.8419 49.3675 1.4000
      vertex 8.0000 50.3000 1.4000
      vertex 8.4210 50.3837 1.4000
    endloop
  endfacet
  facet normal 0.555570 -0.831470 0.000000
    outer loop
      vertex 8.8419 49.3675 1.4000
      vertex 9.5556 49.8444 1.4000
      vertex 9.5556 49.8444 7.9000
    endloop
  endfacet
  facet normal 0.555570 -0.831470 0.000000
    outer loop
      vertex 8.8419 49.3675 1.4000
      vertex 9.5556 49.8444 7.9000
      vertex 8.8419 49.3675 7.9000
    endloop
  endfacet
  facet normal -0.555570 0.831470 0.000000
    outer loop
      vertex 8.7778 50.6222 1.4000
      vertex 8.4210 50.3837 1.4000
      vertex 8.4210 50.3837 7.9000
    endloop
  endfacet
  facet normal -0.555570 0.831470 0.000000
    outer loop
      vertex 8.7778 50.6222 1.4000
      vertex 8.4210 50.3837 7.9000
      vertex 8.7778 50.6222 7.9000
    endloop
  endfacet
  facet normal 0.000000 -0.000000 1.000000
    outer loop
      vertex 8.8419 49.3675 7.9000
      vertex 9.5556 49.8444 7.9000
      vertex 8.7778 50.6222 7.9000
    endloop
  endfacet
  facet normal 0.000000 0.000000 1.000000
    outer loop
      vertex 8.8419 49.3675 7.9000
      vertex 8.7778 50.6222 7.9000
      vertex 8.4210 50.3837 7.9000
    endloop
  endfacet
  facet normal -0.000000 0.000000 -1.000000
    outer loop
      vertex 9.5556 49.8444 1.4000
      vertex 8.8419 49.3675 1.4000
      vertex 8.4210 50.3837 1.4000
    endloop
  endfacet
  facet normal 0.000000 0.000000 -1.000000
    outer loop
      vertex 9.5556 49.8444 1.4000
      vertex 8.4210 50.3837 1.4000
      vertex 8.7778 50.6222 1.4000
    endloop
  endfacet
  facet normal 0.831470 -0.555570 0.000000
    outer loop
      vertex 9.5556 49.8444 1.4000
      vertex 10.0325 50.5581 1.4000
      vertex 10.0325 50.5581 7.9000
    endloop
  endfacet
  facet normal 0.831470 -0.555570 0.000000
    outer loop
      vertex 9.5556 49.8444 1.4000
      vertex 10.0325 50.5581 7.9000
      vertex 9.5556 49.8444 7.9000
    endloop
  endfacet
  facet normal -0.831470 0.555570 0.000000
    outer loop
      vertex 9.0163 50.9790 1.4000
      vertex 8.7778 50.6222 1.4000
      vertex 8.7778 50.6222 7.9000
    endloop
  endfacet
  facet normal -0.831470 0.555570 0.000000
    outer loop
      vertex 9.0163 50.9790 1.4000
      vertex 8.7778 50.6222 7.9000
      vertex 9.0163 50.9790 7.9000
    endloop
  endfacet
  facet normal 0.000000 -0.000000 1.000000
    outer loop
      vertex 9.5556 49.8444 7.9000
      vertex 10.0325 50.5581 7.9000
      vertex 9.0163 50.9790 7.9000
    endloop
  endfacet
  facet normal 0.000000 0.000000 1.000000
    outer loop
      vertex 9.5556 49.8444 7.9000
      vertex 9.0163 50.9790 7.9000
      vertex 8.7778 50.6222 7.9000
    endloop
  endfacet
  facet normal -0.000000 0.000000 -1.000000
    outer loop
      vertex 10.0325 50.5581 1.4000
      vertex 9.5556 49.8444 1.4000
      vertex 8.7778 50.6222 1.4000
    endloop
  endfacet
  facet normal 0.000000 0.000000 -1.000000
    outer loop
      vertex 10.0325 50.5581 1.4000
      vertex 8.7778 50.6222 1.4000
      vertex 9.0163 50.9790 1.4000
    endloop
  endfacet
  facet normal 0.980785 -0.195090 0.000000
    outer loop
      vertex 10.0325 50.5581 1.4000
      vertex 10.2000 51.4000 1.4000
      vertex 10.2000 51.4000 7.9000
    endloop
  endfacet
  facet normal 0.980785 -0.195090 0.000000
    outer loop
      vertex 10.0325 50.5581 1.4000
      vertex 10.2000 51.4000 7.9000
      vertex 10.0325 50.5581 7.9000
    endloop
  endfacet
  facet normal -0.980785 0.195090 0.000000
    outer loop
      vertex 9.1000 51.4000 1.4000
      vertex 9.0163 50.9790 1.4000
      vertex 9.0163 50.9790 7.9000
    endloop
  endfacet
  facet normal -0.980785 0.195090 0.000000
    outer loop
      vertex 9.1000 51.4000 1.4000
      vertex 9.0163 50.9790 7.9000
      vertex 9.1000 51.4000 7.9000
    endloop
  endfacet
  facet normal 0.000000 -0.000000 1.000000
    outer loop
      vertex 10.0325 50.5581 7.9000
      vertex 10.2000 51.4000 7.9000
      vertex 9.1000 51.4000 7.9000
    endloop
  endfacet
  facet normal 0.000000 0.000000 1.000000
    outer loop
      vertex 10.0325 50.5581 7.9000
      vertex 9.1000 51.4000 7.9000
      vertex 9.0163 50.9790 7.9000
    endloop
  endfacet
  facet normal 0.000000 0.000000 -1.000000
    outer loop
      vertex 10.2000 51.4000 1.4000
      vertex 10.0325 50.5581 1.4000
      vertex 9.0163 50.9790 1.4000
    endloop
  endfacet
  facet normal -0.000000 0.000000 -1.000000
    outer loop
      vertex 10.2000 51.4000 1.4000
      vertex 9.0163 50.9790 1.4000
      vertex 9.1000 51.4000 1.4000
    endloop
  endfacet
  facet normal 0.980785 0.195090 0.000000
    outer loop
      vertex 52.2000 51.4000 1.4000
      vertex 52.0325 52.2419 1.4000
      vertex 52.0325 52.2419 7.9000
    endloop
  endfacet
  facet normal 0.980785 0.195090 -0.000000
    outer loop
      vertex 52.2000 51.4000 1.4000
      vertex 52.0325 52.2419 7.9000
      vertex 52.2000 51.4000 7.9000
    endloop
  endfacet
  facet normal -0.980785 -0.195090 0.000000
    outer loop
      vertex 51.0163 51.8210 1.4000
      vertex 51.1000 51.4000 1.4000
      vertex 51.1000 51.4000 7.9000
    endloop
  endfacet
  facet normal -0.980785 -0.195090 0.000000
    outer loop
      vertex 51.0163 51.8210 1.4000
      vertex 51.1000 51.4000 7.9000
      vertex 51.0163 51.8210 7.9000
    endloop
  endfacet
  facet normal 0.000000 0.000000 1.000000
    outer loop
      vertex 52.2000 51.4000 7.9000
      vertex 52.0325 52.2419 7.9000
      vertex 51.0163 51.8210 7.9000
    endloop
  endfacet
  facet normal 0.000000 0.000000 1.000000
    outer loop
      vertex 52.2000 51.4000 7.9000
      vertex 51.0163 51.8210 7.9000
      vertex 51.1000 51.4000 7.9000
    endloop
  endfacet
  facet normal 0.000000 -0.000000 -1.000000
    outer loop
      vertex 52.0325 52.2419 1.4000
      vertex 52.2000 51.4000 1.4000
      vertex 51.1000 51.4000 1.4000
    endloop
  endfacet
  facet normal 0.000000 0.000000 -1.000000
    outer loop
      vertex 52.0325 52.2419 1.4000
      vertex 51.1000 51.4000 1.4000
      vertex 51.0163 51.8210 1.4000
    endloop
  endfacet
  facet normal 0.831470 0.555570 0.000000
    outer loop
      vertex 52.0325 52.2419 1.4000
      vertex 51.5556 52.9556 1.4000
      vertex 51.5556 52.9556 7.9000
    endloop
  endfacet
  facet normal 0.831470 0.555570 -0.000000
    outer loop
      vertex 52.0325 52.2419 1.4000
      vertex 51.5556 52.9556 7.9000
      vertex 52.0325 52.2419 7.9000
    endloop
  endfacet
  facet normal -0.831470 -0.555570 0.000000
    outer loop
      vertex 50.7778 52.1778 1.4000
      vertex 51.0163 51.8210 1.4000
      vertex 51.0163 51.8210 7.9000
    endloop
  endfacet
  facet normal -0.831470 -0.555570 0.000000
    outer loop
      vertex 50.7778 52.1778 1.4000
      vertex 51.0163 51.8210 7.9000
      vertex 50.7778 52.1778 7.9000
    endloop
  endfacet
  facet normal 0.000000 0.000000 1.000000
    outer loop
      vertex 52.0325 52.2419 7.9000
      vertex 51.5556 52.9556 7.9000
      vertex 50.7778 52.1778 7.9000
    endloop
  endfacet
  facet normal 0.000000 0.000000 1.000000
    outer loop
      vertex 52.0325 52.2419 7.9000
      vertex 50.7778 52.1778 7.9000
      vertex 51.0163 51.8210 7.9000
    endloop
  endfacet
  facet normal 0.000000 -0.000000 -1.000000
    outer loop
      vertex 51.5556 52.9556 1.4000
      vertex 52.0325 52.2419 1.4000
      vertex 51.0163 51.8210 1.4000
    endloop
  endfacet
  facet normal 0.000000 0.000000 -1.000000
    outer loop
      vertex 51.5556 52.9556 1.4000
      vertex 51.0163 51.8210 1.4000
      vertex 50.7778 52.1778 1.4000
    endloop
  endfacet
  facet normal 0.555570 0.831470 0.000000
    outer loop
      vertex 51.5556 52.9556 1.4000
      vertex 50.8419 53.4325 1.4000
      vertex 50.8419 53.4325 7.9000
    endloop
  endfacet
  facet normal 0.555570 0.831470 -0.000000
    outer loop
      vertex 51.5556 52.9556 1.4000
      vertex 50.8419 53.4325 7.9000
      vertex 51.5556 52.9556 7.9000
    endloop
  endfacet
  facet normal -0.555570 -0.831470 0.000000
    outer loop
      vertex 50.4210 52.4163 1.4000
      vertex 50.7778 52.1778 1.4000
      vertex 50.7778 52.1778 7.9000
    endloop
  endfacet
  facet normal -0.555570 -0.831470 0.000000
    outer loop
      vertex 50.4210 52.4163 1.4000
      vertex 50.7778 52.1778 7.9000
      vertex 50.4210 52.4163 7.9000
    endloop
  endfacet
  facet normal 0.000000 0.000000 1.000000
    outer loop
      vertex 51.5556 52.9556 7.9000
      vertex 50.8419 53.4325 7.9000
      vertex 50.4210 52.4163 7.9000
    endloop
  endfacet
  facet normal 0.000000 0.000000 1.000000
    outer loop
      vertex 51.5556 52.9556 7.9000
      vertex 50.4210 52.4163 7.9000
      vertex 50.7778 52.1778 7.9000
    endloop
  endfacet
  facet normal 0.000000 -0.000000 -1.000000
    outer loop
      vertex 50.8419 53.4325 1.4000
      vertex 51.5556 52.9556 1.4000
      vertex 50.7778 52.1778 1.4000
    endloop
  endfacet
  facet normal 0.000000 0.000000 -1.000000
    outer loop
      vertex 50.8419 53.4325 1.4000
      vertex 50.7778 52.1778 1.4000
      vertex 50.4210 52.4163 1.4000
    endloop
  endfacet
  facet normal 0.195090 0.980785 0.000000
    outer loop
      vertex 50.8419 53.4325 1.4000
      vertex 50.0000 53.6000 1.4000
      vertex 50.0000 53.6000 7.9000
    endloop
  endfacet
  facet normal 0.195090 0.980785 -0.000000
    outer loop
      vertex 50.8419 53.4325 1.4000
      vertex 50.0000 53.6000 7.9000
      vertex 50.8419 53.4325 7.9000
    endloop
  endfacet
  facet normal -0.195090 -0.980785 0.000000
    outer loop
      vertex 50.0000 52.5000 1.4000
      vertex 50.4210 52.4163 1.4000
      vertex 50.4210 52.4163 7.9000
    endloop
  endfacet
  facet normal -0.195090 -0.980785 0.000000
    outer loop
      vertex 50.0000 52.5000 1.4000
      vertex 50.4210 52.4163 7.9000
      vertex 50.0000 52.5000 7.9000
    endloop
  endfacet
  facet normal 0.000000 0.000000 1.000000
    outer loop
      vertex 50.8419 53.4325 7.9000
      vertex 50.0000 53.6000 7.9000
      vertex 50.0000 52.5000 7.9000
    endloop
  endfacet
  facet normal 0.000000 0.000000 1.000000
    outer loop
      vertex 50.8419 53.4325 7.9000
      vertex 50.0000 52.5000 7.9000
      vertex 50.4210 52.4163 7.9000
    endloop
  endfacet
  facet normal 0.000000 0.000000 -1.000000
    outer loop
      vertex 50.0000 53.6000 1.4000
      vertex 50.8419 53.4325 1.4000
      vertex 50.4210 52.4163 1.4000
    endloop
  endfacet
  facet normal 0.000000 0.000000 -1.000000
    outer loop
      vertex 50.0000 53.6000 1.4000
      vertex 50.4210 52.4163 1.4000
      vertex 50.0000 52.5000 1.4000
    endloop
  endfacet
  facet normal -0.195090 0.980785 0.000000
    outer loop
      vertex 50.0000 53.6000 1.4000
      vertex 49.1581 53.4325 1.4000
      vertex 49.1581 53.4325 7.9000
    endloop
  endfacet
  facet normal -0.195090 0.980785 0.000000
    outer loop
      vertex 50.0000 53.6000 1.4000
      vertex 49.1581 53.4325 7.9000
      vertex 50.0000 53.6000 7.9000
    endloop
  endfacet
  facet normal 0.195090 -0.980785 0.000000
    outer loop
      vertex 49.5790 52.4163 1.4000
      vertex 50.0000 52.5000 1.4000
      vertex 50.0000 52.5000 7.9000
    endloop
  endfacet
  facet normal 0.195090 -0.980785 0.000000
    outer loop
      vertex 49.5790 52.4163 1.4000
      vertex 50.0000 52.5000 7.9000
      vertex 49.5790 52.4163 7.9000
    endloop
  endfacet
  facet normal 0.000000 0.000000 1.000000
    outer loop
      vertex 50.0000 53.6000 7.9000
      vertex 49.1581 53.4325 7.9000
      vertex 49.5790 52.4163 7.9000
    endloop
  endfacet
  facet normal 0.000000 0.000000 1.000000
    outer loop
      vertex 50.0000 53.6000 7.9000
      vertex 49.5790 52.4163 7.9000
      vertex 50.0000 52.5000 7.9000
    endloop
  endfacet
  facet normal 0.000000 0.000000 -1.000000
    outer loop
      vertex 49.1581 53.4325 1.4000
      vertex 50.0000 53.6000 1.4000
      vertex 50.0000 52.5000 1.4000
    endloop
  endfacet
  facet normal 0.000000 0.000000 -1.000000
    outer loop
      vertex 49.1581 53.4325 1.4000
      vertex 50.0000 52.5000 1.4000
      vertex 49.5790 52.4163 1.4000
    endloop
  endfacet
  facet normal -0.555570 0.831470 0.000000
    outer loop
      vertex 49.1581 53.4325 1.4000
      vertex 48.4444 52.9556 1.4000
      vertex 48.4444 52.9556 7.9000
    endloop
  endfacet
  facet normal -0.555570 0.831470 0.000000
    outer loop
      vertex 49.1581 53.4325 1.4000
      vertex 48.4444 52.9556 7.9000
      vertex 49.1581 53.4325 7.9000
    endloop
  endfacet
  facet normal 0.555570 -0.831470 0.000000
    outer loop
      vertex 49.2222 52.1778 1.4000
      vertex 49.5790 52.4163 1.4000
      vertex 49.5790 52.4163 7.9000
    endloop
  endfacet
  facet normal 0.555570 -0.831470 0.000000
    outer loop
      vertex 49.2222 52.1778 1.4000
      vertex 49.5790 52.4163 7.9000
      vertex 49.2222 52.1778 7.9000
    endloop
  endfacet
  facet normal 0.000000 0.000000 1.000000
    outer loop
      vertex 49.1581 53.4325 7.9000
      vertex 48.4444 52.9556 7.9000
      vertex 49.2222 52.1778 7.9000
    endloop
  endfacet
  facet normal 0.000000 0.000000 1.000000
    outer loop
      vertex 49.1581 53.4325 7.9000
      vertex 49.2222 52.1778 7.9000
      vertex 49.5790 52.4163 7.9000
    endloop
  endfacet
  facet normal 0.000000 0.000000 -1.000000
    outer loop
      vertex 48.4444 52.9556 1.4000
      vertex 49.1581 53.4325 1.4000
      vertex 49.5790 52.4163 1.4000
    endloop
  endfacet
  facet normal 0.000000 0.000000 -1.000000
    outer loop
      vertex 48.4444 52.9556 1.4000
      vertex 49.5790 52.4163 1.4000
      vertex 49.2222 52.1778 1.4000
    endloop
  endfacet
  facet normal -0.831470 0.555570 0.000000
    outer loop
      vertex 48.4444 52.9556 1.4000
      vertex 47.9675 52.2419 1.4000
      vertex 47.9675 52.2419 7.9000
    endloop
  endfacet
  facet normal -0.831470 0.555570 0.000000
    outer loop
      vertex 48.4444 52.9556 1.4000
      vertex 47.9675 52.2419 7.9000
      vertex 48.4444 52.9556 7.9000
    endloop
  endfacet
  facet normal 0.831470 -0.555570 0.000000
    outer loop
      vertex 48.9837 51.8210 1.4000
      vertex 49.2222 52.1778 1.4000
      vertex 49.2222 52.1778 7.9000
    endloop
  endfacet
  facet normal 0.831470 -0.555570 0.000000
    outer loop
      vertex 48.9837 51.8210 1.4000
      vertex 49.2222 52.1778 7.9000
      vertex 48.9837 51.8210 7.9000
    endloop
  endfacet
  facet normal 0.000000 0.000000 1.000000
    outer loop
      vertex 48.4444 52.9556 7.9000
      vertex 47.9675 52.2419 7.9000
      vertex 48.9837 51.8210 7.9000
    endloop
  endfacet
  facet normal 0.000000 0.000000 1.000000
    outer loop
      vertex 48.4444 52.9556 7.9000
      vertex 48.9837 51.8210 7.9000
      vertex 49.2222 52.1778 7.9000
    endloop
  endfacet
  facet normal 0.000000 0.000000 -1.000000
    outer loop
      vertex 47.9675 52.2419 1.4000
      vertex 48.4444 52.9556 1.4000
      vertex 49.2222 52.1778 1.4000
    endloop
  endfacet
  facet normal 0.000000 0.000000 -1.000000
    outer loop
      vertex 47.9675 52.2419 1.4000
      vertex 49.2222 52.1778 1.4000
      vertex 48.9837 51.8210 1.4000
    endloop
  endfacet
  facet normal -0.980785 0.195090 0.000000
    outer loop
      vertex 47.9675 52.2419 1.4000
      vertex 47.8000 51.4000 1.4000
      vertex 47.8000 51.4000 7.9000
    endloop
  endfacet
  facet normal -0.980785 0.195090 0.000000
    outer loop
      vertex 47.9675 52.2419 1.4000
      vertex 47.8000 51.4000 7.9000
      vertex 47.9675 52.2419 7.9000
    endloop
  endfacet
  facet normal 0.980785 -0.195090 0.000000
    outer loop
      vertex 48.9000 51.4000 1.4000
      vertex 48.9837 51.8210 1.4000
      vertex 48.9837 51.8210 7.9000
    endloop
  endfacet
  facet normal 0.980785 -0.195090 0.000000
    outer loop
      vertex 48.9000 51.4000 1.4000
      vertex 48.9837 51.8210 7.9000
      vertex 48.9000 51.4000 7.9000
    endloop
  endfacet
  facet normal 0.000000 0.000000 1.000000
    outer loop
      vertex 47.9675 52.2419 7.9000
      vertex 47.8000 51.4000 7.9000
      vertex 48.9000 51.4000 7.9000
    endloop
  endfacet
  facet normal 0.000000 0.000000 1.000000
    outer loop
      vertex 47.9675 52.2419 7.9000
      vertex 48.9000 51.4000 7.9000
      vertex 48.9837 51.8210 7.9000
    endloop
  endfacet
  facet normal 0.000000 0.000000 -1.000000
    outer loop
      vertex 47.8000 51.4000 1.4000
      vertex 47.9675 52.2419 1.4000
      vertex 48.9837 51.8210 1.4000
    endloop
  endfacet
  facet normal 0.000000 0.000000 -1.000000
    outer loop
      vertex 47.8000 51.4000 1.4000
      vertex 48.9837 51.8210 1.4000
      vertex 48.9000 51.4000 1.4000
    endloop
  endfacet
  facet normal -0.980785 -0.195090 0.000000
    outer loop
      vertex 47.8000 51.4000 1.4000
      vertex 47.9675 50.5581 1.4000
      vertex 47.9675 50.5581 7.9000
    endloop
  endfacet
  facet normal -0.980785 -0.195090 0.000000
    outer loop
      vertex 47.8000 51.4000 1.4000
      vertex 47.9675 50.5581 7.9000
      vertex 47.8000 51.4000 7.9000
    endloop
  endfacet
  facet normal 0.980785 0.195090 0.000000
    outer loop
      vertex 48.9837 50.9790 1.4000
      vertex 48.9000 51.4000 1.4000
      vertex 48.9000 51.4000 7.9000
    endloop
  endfacet
  facet normal 0.980785 0.195090 -0.000000
    outer loop
      vertex 48.9837 50.9790 1.4000
      vertex 48.9000 51.4000 7.9000
      vertex 48.9837 50.9790 7.9000
    endloop
  endfacet
  facet normal 0.000000 0.000000 1.000000
    outer loop
      vertex 47.8000 51.4000 7.9000
      vertex 47.9675 50.5581 7.9000
      vertex 48.9837 50.9790 7.9000
    endloop
  endfacet
  facet normal -0.000000 0.000000 1.000000
    outer loop
      vertex 47.8000 51.4000 7.9000
      vertex 48.9837 50.9790 7.9000
      vertex 48.9000 51.4000 7.9000
    endloop
  endfacet
  facet normal 0.000000 0.000000 -1.000000
    outer loop
      vertex 47.9675 50.5581 1.4000
      vertex 47.8000 51.4000 1.4000
      vertex 48.9000 51.4000 1.4000
    endloop
  endfacet
  facet normal 0.000000 0.000000 -1.000000
    outer loop
      vertex 47.9675 50.5581 1.4000
      vertex 48.9000 51.4000 1.4000
      vertex 48.9837 50.9790 1.4000
    endloop
  endfacet
  facet normal -0.831470 -0.555570 0.000000
    outer loop
      vertex 47.9675 50.5581 1.4000
      vertex 48.4444 49.8444 1.4000
      vertex 48.4444 49.8444 7.9000
    endloop
  endfacet
  facet normal -0.831470 -0.555570 0.000000
    outer loop
      vertex 47.9675 50.5581 1.4000
      vertex 48.4444 49.8444 7.9000
      vertex 47.9675 50.5581 7.9000
    endloop
  endfacet
  facet normal 0.831470 0.555570 0.000000
    outer loop
      vertex 49.2222 50.6222 1.4000
      vertex 48.9837 50.9790 1.4000
      vertex 48.9837 50.9790 7.9000
    endloop
  endfacet
  facet normal 0.831470 0.555570 -0.000000
    outer loop
      vertex 49.2222 50.6222 1.4000
      vertex 48.9837 50.9790 7.9000
      vertex 49.2222 50.6222 7.9000
    endloop
  endfacet
  facet normal -0.000000 0.000000 1.000000
    outer loop
      vertex 47.9675 50.5581 7.9000
      vertex 48.4444 49.8444 7.9000
      vertex 49.2222 50.6222 7.9000
    endloop
  endfacet
  facet normal 0.000000 0.000000 1.000000
    outer loop
      vertex 47.9675 50.5581 7.9000
      vertex 49.2222 50.6222 7.9000
      vertex 48.9837 50.9790 7.9000
    endloop
  endfacet
  facet normal 0.000000 0.000000 -1.000000
    outer loop
      vertex 48.4444 49.8444 1.4000
      vertex 47.9675 50.5581 1.4000
      vertex 48.9837 50.9790 1.4000
    endloop
  endfacet
  facet normal 0.000000 0.000000 -1.000000
    outer loop
      vertex 48.4444 49.8444 1.4000
      vertex 48.9837 50.9790 1.4000
      vertex 49.2222 50.6222 1.4000
    endloop
  endfacet
  facet normal -0.555570 -0.831470 0.000000
    outer loop
      vertex 48.4444 49.8444 1.4000
      vertex 49.1581 49.3675 1.4000
      vertex 49.1581 49.3675 7.9000
    endloop
  endfacet
  facet normal -0.555570 -0.831470 0.000000
    outer loop
      vertex 48.4444 49.8444 1.4000
      vertex 49.1581 49.3675 7.9000
      vertex 48.4444 49.8444 7.9000
    endloop
  endfacet
  facet normal 0.555570 0.831470 0.000000
    outer loop
      vertex 49.5790 50.3837 1.4000
      vertex 49.2222 50.6222 1.4000
      vertex 49.2222 50.6222 7.9000
    endloop
  endfacet
  facet normal 0.555570 0.831470 -0.000000
    outer loop
      vertex 49.5790 50.3837 1.4000
      vertex 49.2222 50.6222 7.9000
      vertex 49.5790 50.3837 7.9000
    endloop
  endfacet
  facet normal -0.000000 0.000000 1.000000
    outer loop
      vertex 48.4444 49.8444 7.9000
      vertex 49.1581 49.3675 7.9000
      vertex 49.5790 50.3837 7.9000
    endloop
  endfacet
  facet normal 0.000000 0.000000 1.000000
    outer loop
      vertex 48.4444 49.8444 7.9000
      vertex 49.5790 50.3837 7.9000
      vertex 49.2222 50.6222 7.9000
    endloop
  endfacet
  facet normal 0.000000 0.000000 -1.000000
    outer loop
      vertex 49.1581 49.3675 1.4000
      vertex 48.4444 49.8444 1.4000
      vertex 49.2222 50.6222 1.4000
    endloop
  endfacet
  facet normal 0.000000 0.000000 -1.000000
    outer loop
      vertex 49.1581 49.3675 1.4000
      vertex 49.2222 50.6222 1.4000
      vertex 49.5790 50.3837 1.4000
    endloop
  endfacet
  facet normal -0.195090 -0.980785 0.000000
    outer loop
      vertex 49.1581 49.3675 1.4000
      vertex 50.0000 49.2000 1.4000
      vertex 50.0000 49.2000 7.9000
    endloop
  endfacet
  facet normal -0.195090 -0.980785 0.000000
    outer loop
      vertex 49.1581 49.3675 1.4000
      vertex 50.0000 49.2000 7.9000
      vertex 49.1581 49.3675 7.9000
    endloop
  endfacet
  facet normal 0.195090 0.980785 0.000000
    outer loop
      vertex 50.0000 50.3000 1.4000
      vertex 49.5790 50.3837 1.4000
      vertex 49.5790 50.3837 7.9000
    endloop
  endfacet
  facet normal 0.195090 0.980785 -0.000000
    outer loop
      vertex 50.0000 50.3000 1.4000
      vertex 49.5790 50.3837 7.9000
      vertex 50.0000 50.3000 7.9000
    endloop
  endfacet
  facet normal -0.000000 0.000000 1.000000
    outer loop
      vertex 49.1581 49.3675 7.9000
      vertex 50.0000 49.2000 7.9000
      vertex 50.0000 50.3000 7.9000
    endloop
  endfacet
  facet normal 0.000000 0.000000 1.000000
    outer loop
      vertex 49.1581 49.3675 7.9000
      vertex 50.0000 50.3000 7.9000
      vertex 49.5790 50.3837 7.9000
    endloop
  endfacet
  facet normal 0.000000 0.000000 -1.000000
    outer loop
      vertex 50.0000 49.2000 1.4000
      vertex 49.1581 49.3675 1.4000
      vertex 49.5790 50.3837 1.4000
    endloop
  endfacet
  facet normal 0.000000 0.000000 -1.000000
    outer loop
      vertex 50.0000 49.2000 1.4000
      vertex 49.5790 50.3837 1.4000
      vertex 50.0000 50.3000 1.4000
    endloop
  endfacet
  facet normal 0.195090 -0.980785 0.000000
    outer loop
      vertex 50.0000 49.2000 1.4000
      vertex 50.8419 49.3675 1.4000
      vertex 50.8419 49.3675 7.9000
    endloop
  endfacet
  facet normal 0.195090 -0.980785 0.000000
    outer loop
      vertex 50.0000 49.2000 1.4000
      vertex 50.8419 49.3675 7.9000
      vertex 50.0000 49.2000 7.9000
    endloop
  endfacet
  facet normal -0.195090 0.980785 0.000000
    outer loop
      vertex 50.4210 50.3837 1.4000
      vertex 50.0000 50.3000 1.4000
      vertex 50.0000 50.3000 7.9000
    endloop
  endfacet
  facet normal -0.195090 0.980785 0.000000
    outer loop
      vertex 50.4210 50.3837 1.4000
      vertex 50.0000 50.3000 7.9000
      vertex 50.4210 50.3837 7.9000
    endloop
  endfacet
  facet normal 0.000000 0.000000 1.000000
    outer loop
      vertex 50.0000 49.2000 7.9000
      vertex 50.8419 49.3675 7.9000
      vertex 50.4210 50.3837 7.9000
    endloop
  endfacet
  facet normal 0.000000 0.000000 1.000000
    outer loop
      vertex 50.0000 49.2000 7.9000
      vertex 50.4210 50.3837 7.9000
      vertex 50.0000 50.3000 7.9000
    endloop
  endfacet
  facet normal -0.000000 0.000000 -1.000000
    outer loop
      vertex 50.8419 49.3675 1.4000
      vertex 50.0000 49.2000 1.4000
      vertex 50.0000 50.3000 1.4000
    endloop
  endfacet
  facet normal 0.000000 0.000000 -1.000000
    outer loop
      vertex 50.8419 49.3675 1.4000
      vertex 50.0000 50.3000 1.4000
      vertex 50.4210 50.3837 1.4000
    endloop
  endfacet
  facet normal 0.555570 -0.831470 0.000000
    outer loop
      vertex 50.8419 49.3675 1.4000
      vertex 51.5556 49.8444 1.4000
      vertex 51.5556 49.8444 7.9000
    endloop
  endfacet
  facet normal 0.555570 -0.831470 0.000000
    outer loop
      vertex 50.8419 49.3675 1.4000
      vertex 51.5556 49.8444 7.9000
      vertex 50.8419 49.3675 7.9000
    endloop
  endfacet
  facet normal -0.555570 0.831470 0.000000
    outer loop
      vertex 50.7778 50.6222 1.4000
      vertex 50.4210 50.3837 1.4000
      vertex 50.4210 50.3837 7.9000
    endloop
  endfacet
  facet normal -0.555570 0.831470 0.000000
    outer loop
      vertex 50.7778 50.6222 1.4000
      vertex 50.4210 50.3837 7.9000
      vertex 50.7778 50.6222 7.9000
    endloop
  endfacet
  facet normal 0.000000 -0.000000 1.000000
    outer loop
      vertex 50.8419 49.3675 7.9000
      vertex 51.5556 49.8444 7.9000
      vertex 50.7778 50.6222 7.9000
    endloop
  endfacet
  facet normal 0.000000 0.000000 1.000000
    outer loop
      vertex 50.8419 49.3675 7.9000
      vertex 50.7778 50.6222 7.9000
      vertex 50.4210 50.3837 7.9000
    endloop
  endfacet
  facet normal -0.000000 0.000000 -1.000000
    outer loop
      vertex 51.5556 49.8444 1.4000
      vertex 50.8419 49.3675 1.4000
      vertex 50.4210 50.3837 1.4000
    endloop
  endfacet
  facet normal 0.000000 0.000000 -1.000000
    outer loop
      vertex 51.5556 49.8444 1.4000
      vertex 50.4210 50.3837 1.4000
      vertex 50.7778 50.6222 1.4000
    endloop
  endfacet
  facet normal 0.831470 -0.555570 0.000000
    outer loop
      vertex 51.5556 49.8444 1.4000
      vertex 52.0325 50.5581 1.4000
      vertex 52.0325 50.5581 7.9000
    endloop
  endfacet
  facet normal 0.831470 -0.555570 0.000000
    outer loop
      vertex 51.5556 49.8444 1.4000
      vertex 52.0325 50.5581 7.9000
      vertex 51.5556 49.8444 7.9000
    endloop
  endfacet
  facet normal -0.831470 0.555570 0.000000
    outer loop
      vertex 51.0163 50.9790 1.4000
      vertex 50.7778 50.6222 1.4000
      vertex 50.7778 50.6222 7.9000
    endloop
  endfacet
  facet normal -0.831470 0.555570 0.000000
    outer loop
      vertex 51.0163 50.9790 1.4000
      vertex 50.7778 50.6222 7.9000
      vertex 51.0163 50.9790 7.9000
    endloop
  endfacet
  facet normal 0.000000 -0.000000 1.000000
    outer loop
      vertex 51.5556 49.8444 7.9000
      vertex 52.0325 50.5581 7.9000
      vertex 51.0163 50.9790 7.9000
    endloop
  endfacet
  facet normal 0.000000 0.000000 1.000000
    outer loop
      vertex 51.5556 49.8444 7.9000
      vertex 51.0163 50.9790 7.9000
      vertex 50.7778 50.6222 7.9000
    endloop
  endfacet
  facet normal -0.000000 0.000000 -1.000000
    outer loop
      vertex 52.0325 50.5581 1.4000
      vertex 51.5556 49.8444 1.4000
      vertex 50.7778 50.6222 1.4000
    endloop
  endfacet
  facet normal 0.000000 0.000000 -1.000000
    outer loop
      vertex 52.0325 50.5581 1.4000
      vertex 50.7778 50.6222 1.4000
      vertex 51.0163 50.9790 1.4000
    endloop
  endfacet
  facet normal 0.980785 -0.195090 0.000000
    outer loop
      vertex 52.0325 50.5581 1.4000
      vertex 52.2000 51.4000 1.4000
      vertex 52.2000 51.4000 7.9000
    endloop
  endfacet
  facet normal 0.980785 -0.195090 0.000000
    outer loop
      vertex 52.0325 50.5581 1.4000
      vertex 52.2000 51.4000 7.9000
      vertex 52.0325 50.5581 7.9000
    endloop
  endfacet
  facet normal -0.980785 0.195090 0.000000
    outer loop
      vertex 51.1000 51.4000 1.4000
      vertex 51.0163 50.9790 1.4000
      vertex 51.0163 50.9790 7.9000
    endloop
  endfacet
  facet normal -0.980785 0.195090 0.000000
    outer loop
      vertex 51.1000 51.4000 1.4000
      vertex 51.0163 50.9790 7.9000
      vertex 51.1000 51.4000 7.9000
    endloop
  endfacet
  facet normal 0.000000 -0.000000 1.000000
    outer loop
      vertex 52.0325 50.5581 7.9000
      vertex 52.2000 51.4000 7.9000
      vertex 51.1000 51.4000 7.9000
    endloop
  endfacet
  facet normal 0.000000 0.000000 1.000000
    outer loop
      vertex 52.0325 50.5581 7.9000
      vertex 51.1000 51.4000 7.9000
      vertex 51.0163 50.9790 7.9000
    endloop
  endfacet
  facet normal 0.000000 0.000000 -1.000000
    outer loop
      vertex 52.2000 51.4000 1.4000
      vertex 52.0325 50.5581 1.4000
      vertex 51.0163 50.9790 1.4000
    endloop
  endfacet
  facet normal -0.000000 0.000000 -1.000000
    outer loop
      vertex 52.2000 51.4000 1.4000
      vertex 51.0163 50.9790 1.4000
      vertex 51.1000 51.4000 1.4000
    endloop
  endfacet
endsolid kasa